boatNo_1,boatNo_2,boatNo_3,boatNo_4,boatNo_5,boatNo_6,boat_place2Ratio_1,boat_place2Ratio_2,boat_place2Ratio_3,boat_place2Ratio_4,boat_place2Ratio_5,boat_place2Ratio_6,boat_place3Ratio_1,boat_place3Ratio_2,boat_place3Ratio_3,boat_place3Ratio_4,boat_place3Ratio_5,boat_place3Ratio_6,date,motorNo_1,motorNo_2,motorNo_3,motorNo_4,motorNo_5,motorNo_6,motor_place2Ratio_1,motor_place2Ratio_2,motor_place2Ratio_3,motor_place2Ratio_4,motor_place2Ratio_5,motor_place2Ratio_6,motor_place3Ratio_1,motor_place3Ratio_2,motor_place3Ratio_3,motor_place3Ratio_4,motor_place3Ratio_5,motor_place3Ratio_6,raceNumber,venue
 58, 39, 66, 63, 53, 38, 24.66, 30.99, 43.06, 29.17, 23.61, 41.03, 38.36, 52.11, 59.72, 50.00, 41.67, 55.13,2019-03-14, 14, 19, 24, 65, 39, 18, 32.73, 28.89, 61.22, 32.61, 22.22, 24.44, 50.91, 46.67, 75.51, 54.35, 35.56, 42.22,1,桐　生
 67, 59, 27, 17, 18, 48, 31.09, 34.87, 30.88, 31.44, 36.18, 33.85, 47.67, 51.28, 45.10, 47.42, 51.76, 55.90,2019-03-14, 59, 18, 50, 60, 25, 10, 28.09, 48.20, 27.66, 33.66, 38.00, 29.47, 40.45, 62.61, 46.81, 54.15, 58.00, 46.84,1,江戸川
 31, 33, 35, 23, 46, 24, 33.53, 36.62, 34.38, 29.45, 29.68, 35.90, 47.06, 53.52, 54.38, 51.37, 46.45, 53.21,2019-03-14, 17, 10, 46, 30, 60, 62, 25.83, 45.28, 38.46, 34.59, 30.19, 48.41, 42.38, 57.86, 51.92, 51.57, 45.91, 66.24,1,平和島
133,132,146,172,178,128, 29.90, 36.80, 36.59, 22.12, 23.60, 34.92, 42.27, 50.40, 51.22, 37.50, 43.82, 49.21,2019-03-14, 29, 31, 26, 64, 23, 67, 30.60, 29.41, 34.78, 41.01, 34.43, 29.67, 47.01, 46.32, 52.17, 54.68, 45.08, 43.96,1,多摩川
 17, 13, 75, 53, 34, 61, 25.30, 36.41, 29.94, 30.77, 31.10, 35.68, 38.55, 57.14, 46.11, 49.70, 44.51, 51.89,2019-03-14, 49, 18, 73, 76, 61, 29, 29.35, 35.00, 36.54, 34.16, 29.81, 37.93, 44.57, 49.00, 57.69, 53.96, 49.52, 51.72,1,蒲　郡
 38, 22, 28, 27, 71, 48, 33.11, 40.94, 29.49, 31.93, 38.24, 36.42, 56.29, 58.48, 46.15, 48.80, 55.88, 47.68,2019-03-14, 42, 62, 37, 11, 53, 50, 50.00, 35.71, 31.03, 24.56, 35.82, 26.56, 63.79, 44.64, 48.28, 33.33, 50.75, 37.50,1,常　滑
 41, 69, 26, 18, 46, 61, 36.62, 26.09, 32.26, 24.30, 38.39, 48.36, 56.81, 42.51, 47.93, 41.59, 51.18, 63.85,2019-03-14, 63, 58, 32, 14, 37, 52, 32.05, 44.29, 35.48, 32.61, 38.27, 44.74, 45.30, 63.93, 54.44, 52.61, 53.91, 65.35,1,三　国
 65, 58, 70, 33, 12, 63, 36.07, 35.75, 26.79, 26.44, 32.04, 37.99, 54.64, 49.16, 42.26, 46.55, 46.41, 54.19,2019-03-14, 20, 12, 17, 16, 21, 50, 35.68, 29.94, 33.69, 37.29, 34.07, 38.01, 52.43, 44.63, 44.92, 56.50, 51.10, 54.97,1,びわこ
 55, 40, 71, 60, 67, 46, 38.42, 29.31, 33.67, 29.95, 32.18, 23.03, 48.95, 50.00, 49.49, 47.72, 58.05, 42.42,2019-03-14, 38, 60, 27, 13, 10, 22, 37.31, 31.90, 31.86, 28.72, 35.14, 30.65, 58.21, 46.19, 44.12, 44.62, 53.51, 47.31,1,尼　崎
 79, 78, 61, 72, 38, 51, 33.33, 33.18, 30.35, 35.38, 34.83, 30.77, 54.73, 46.73, 47.26, 49.74, 45.77, 50.48,2019-03-14, 34, 61, 16, 36, 59, 33, 37.38, 31.11, 34.47, 29.59, 34.98, 44.06, 55.34, 51.11, 54.85, 42.35, 53.20, 61.39,1,鳴　門
 24, 39, 20, 59, 52, 15, 33.58, 38.10, 33.33, 25.98, 36.50, 23.70, 43.80, 54.42, 50.34, 43.31, 50.36, 40.74,2019-03-14, 16, 47, 32, 61, 34, 24, 35.38, 42.25, 21.54, 15.79, 26.39, 41.54, 46.15, 60.56, 41.54, 28.07, 38.89, 63.08,1,丸　亀
 29, 61, 40, 13, 51, 18,  0.00,  0.00, 28.57, 33.33,  0.00, 22.22, 11.11,  0.00, 57.14, 55.56,  0.00, 44.44,2019-03-14, 72, 67, 25, 24, 63, 55, 38.30, 36.36, 35.85, 26.53, 31.91, 35.56, 57.45, 52.73, 54.72, 38.78, 48.94, 57.78,1,児　島
 68, 20, 33, 70, 30, 27, 23.36, 25.69, 36.46, 39.84, 38.33, 31.53, 43.93, 43.12, 51.04, 69.11, 54.17, 52.25,2019-03-14, 31, 46, 26, 32, 66, 59, 34.91, 39.45, 27.97, 42.74, 29.66, 46.15, 46.23, 56.88, 44.92, 56.41, 47.46, 63.25,1,宮　島
 68, 63, 53, 26, 51, 34, 35.12, 35.19, 40.93, 28.92, 34.98, 36.45, 55.12, 48.61, 55.44, 45.59, 53.69, 49.07,2019-03-14,  9, 63, 42,  7, 59, 45, 38.01, 34.12, 46.88, 43.72, 31.95, 43.16, 50.29, 50.00, 61.88, 60.11, 47.34, 60.53,1,芦　屋
 55, 16, 62, 76, 25, 75, 39.49, 33.33, 37.91, 33.55, 31.61, 34.19, 56.05, 55.97, 55.56, 51.61, 45.16, 52.90,2019-03-14, 58, 71, 22, 75, 16, 49, 26.67, 11.11, 20.00, 26.32, 45.00, 18.75, 40.00, 33.33, 30.00, 47.37, 65.00, 31.25,1,大　村
 73, 11, 71, 75, 74, 47, 22.67, 45.33, 50.65, 28.95, 31.17, 45.45, 36.00, 70.67, 67.53, 46.05, 46.75, 68.83,2019-03-14, 20, 46, 42, 62, 26, 25, 30.19, 27.45, 30.61, 19.05, 22.73, 31.91, 43.40, 45.10, 55.10, 26.19, 45.45, 46.81,2,桐　生
 15, 32, 46, 24, 55, 38, 31.47, 35.82, 32.61, 34.31, 30.05, 40.72, 49.75, 48.26, 49.46, 50.49, 49.18, 53.85,2019-03-14, 68, 29, 11, 27, 40, 21, 31.28, 28.34, 33.50, 44.71, 37.02, 35.10, 49.23, 43.32, 51.72, 61.54, 52.88, 53.85,2,江戸川
 50, 34, 18, 40, 25, 48, 38.26, 26.11, 24.54, 30.26, 41.04, 29.93, 53.02, 43.31, 46.01, 48.03, 59.54, 46.26,2019-03-14, 15, 69, 55, 39, 26, 43, 35.98, 31.88, 34.81, 31.25, 46.88, 25.17, 55.49, 48.13, 44.94, 45.00, 58.75, 42.18,2,平和島
163,155,121,136,184,142, 30.83, 36.89, 35.48, 32.79, 35.77, 21.43, 46.67, 56.56, 55.65, 50.82, 55.28, 34.69,2019-03-14, 57, 39, 58, 28, 71, 41, 41.04, 33.97, 36.84, 34.25, 32.61, 43.65, 58.21, 58.33, 53.38, 54.11, 52.17, 60.32,2,多摩川
 69, 71, 19, 70, 33, 52, 36.08, 29.61, 34.63, 28.47, 40.72, 38.38, 52.58, 46.71, 50.73, 47.92, 53.29, 52.53,2019-03-14, 48, 40, 72, 68, 34, 28, 43.81, 49.49, 43.68, 33.68, 37.31, 29.41, 58.76, 64.14, 63.79, 51.58, 51.30, 45.45,2,蒲　郡
 58, 67, 24, 32, 56, 63, 32.62, 29.88, 39.24, 33.33, 36.71, 33.13, 50.35, 50.00, 56.96, 52.67, 48.10, 50.92,2019-03-14, 46, 43, 19,  4, 38, 54, 31.67, 30.36, 23.21, 29.63, 32.14, 40.00, 55.00, 53.57, 28.57, 37.04, 50.00, 55.38,2,常　滑
 23, 36, 45, 72, 67, 48, 47.47, 30.33, 35.64, 34.13, 34.11, 35.27, 63.59, 45.02, 52.97, 45.67, 50.47, 54.11,2019-03-14, 61, 38, 69, 16, 68, 43, 37.66, 31.42, 37.82, 38.22, 42.79, 33.19, 54.98, 45.13, 55.88, 54.22, 56.74, 50.64,2,三　国
 32, 49, 68, 47, 60, 44, 38.92, 36.00, 31.98, 23.78, 23.18, 38.86, 55.69, 51.43, 45.35, 40.85, 45.03, 54.86,2019-03-14, 44, 64, 25, 63, 47, 48, 36.90, 26.44, 27.75, 36.81, 25.90, 42.16, 54.55, 44.25, 38.22, 59.34, 44.58, 62.70,2,びわこ
 27, 30, 61, 69, 65, 50, 34.20, 35.33, 27.96, 31.55, 33.15, 33.16, 48.70, 53.26, 47.85, 48.66, 48.07, 54.92,2019-03-14, 18, 23,  2, 42, 15, 25, 26.01, 32.62, 46.83, 33.66, 37.25, 33.01, 45.66, 52.41, 60.49, 51.98, 57.84, 50.00,2,尼　崎
 63, 55, 50, 35, 11, 22, 35.61, 28.87, 33.68, 31.47, 39.90, 38.24, 50.73, 45.88, 52.63, 49.75, 58.13, 55.39,2019-03-14, 70, 79, 10, 22, 52, 32, 45.32, 36.45, 35.00, 31.82, 31.94, 32.43, 61.58, 51.72, 51.00, 51.01, 51.85, 51.80,2,鳴　門
 57, 61, 12, 14, 34, 41, 34.25, 36.55, 36.55, 36.49, 37.93, 25.95, 50.00, 53.79, 61.38, 54.05, 51.72, 39.69,2019-03-14, 13, 63, 21,  3, 45,  7, 49.28, 37.33, 19.12, 34.48, 43.75, 29.03, 68.12, 57.33, 38.24, 48.28, 54.69, 51.61,2,丸　亀
 53, 55, 69, 73, 31, 43, 22.22, 33.33,  0.00,  0.00, 22.22, 50.00, 44.44, 55.56,  0.00,  0.00, 66.67, 50.00,2019-03-14, 57, 11, 60, 29, 33, 31, 23.08, 41.30, 36.17, 31.71, 26.09, 36.96, 32.69, 52.17, 51.06, 51.22, 36.96, 45.65,2,児　島
 40, 15, 59, 22, 11, 69, 36.89, 42.20, 35.04, 28.69, 37.10, 43.33, 57.38, 57.80, 48.72, 42.62, 52.42, 61.67,2019-03-14, 13, 42, 72, 63, 48, 60, 34.48, 26.00, 30.58, 38.02, 30.00, 44.54, 56.90, 51.00, 45.45, 56.20, 48.18, 56.30,2,宮　島
 15, 25, 14, 19, 29, 56, 35.89, 29.67, 36.36, 27.62, 40.65, 30.73, 47.85, 49.28, 52.15, 45.24, 53.74, 43.90,2019-03-14, 40, 25, 54,  6, 35, 14, 32.56, 35.14, 34.16, 38.54, 36.26, 42.86, 48.84, 50.27, 51.55, 53.65, 54.39, 59.34,2,芦　屋
 38, 74, 26, 56, 37, 43, 44.65, 48.75, 33.12, 49.02, 33.55, 42.76, 58.49, 58.75, 47.13, 64.71, 51.32, 57.24,2019-03-14, 19, 21, 63, 31, 43, 44, 55.56, 42.11, 11.76, 11.11, 12.50, 44.44, 61.11, 52.63, 23.53, 38.89, 18.75, 61.11,2,大　村
 21, 34, 57, 35, 40, 20, 42.11, 27.78, 26.32, 22.97, 21.33, 33.78, 55.26, 45.83, 47.37, 37.84, 30.67, 51.35,2019-03-14, 51, 17, 12, 70, 16, 63, 30.91, 28.89, 38.89, 32.26, 19.05, 26.67, 49.09, 37.78, 59.26, 45.16, 35.71, 44.44,3,桐　生
 25, 28, 30, 12, 71, 66, 43.14, 36.28, 34.50, 37.98, 37.62, 31.22, 57.84, 50.70, 58.00, 56.25, 53.96, 42.86,2019-03-14, 55, 71, 13, 36, 70, 24, 35.75, 29.35, 40.00, 36.02, 32.63, 39.17, 50.72, 49.25, 57.50, 52.13, 53.16, 56.22,3,江戸川
 29, 38, 36, 16, 75, 45, 44.17, 42.48, 27.97, 33.14, 20.74, 38.97, 61.96, 63.40, 43.36, 47.93, 37.78, 54.41,2019-03-14, 20, 68, 57, 24, 13, 22, 24.66, 33.96, 45.34, 31.45, 37.58, 32.28, 49.32, 53.46, 62.11, 45.28, 52.23, 51.90,3,平和島
145,143,137,138,161,180, 37.10, 38.89, 42.28, 28.57, 35.43, 43.09, 59.68, 55.56, 56.10, 47.90, 46.46, 63.41,2019-03-14, 63, 33, 34, 53, 11, 21, 35.65, 53.85, 44.70, 36.99, 31.17, 39.01, 48.70, 75.38, 67.42, 56.16, 48.05, 55.32,3,多摩川
 23, 11, 59, 64, 27, 32, 31.68, 33.81, 38.42, 26.29, 32.00, 37.06, 50.93, 52.38, 51.05, 44.00, 51.43, 57.36,2019-03-14, 11, 54, 45, 69, 25, 77, 37.31, 35.21, 32.68, 29.84, 29.68, 27.36, 50.78, 53.05, 52.68, 46.60, 48.39, 42.79,3,蒲　郡
 13, 43, 61, 72, 34, 31, 25.93, 46.75, 34.38, 32.48, 32.39, 36.42, 48.15, 62.34, 44.38, 51.59, 45.07, 50.00,2019-03-14, 30, 48, 47, 49, 27, 55, 17.54, 22.41, 32.81, 41.43, 49.18, 44.62, 35.09, 39.66, 46.88, 52.86, 59.02, 64.62,3,常　滑
 15, 40, 17, 44, 51, 62, 34.31, 37.44, 30.19, 43.96, 33.00, 28.17, 47.55, 52.61, 44.34, 60.39, 49.26, 45.07,2019-03-14, 48, 36, 46, 13, 30, 20, 35.84, 35.86, 28.14, 36.91, 43.84, 36.21, 52.65, 53.16, 46.75, 47.21, 61.64, 57.20,3,三　国
 71, 54, 61, 18, 51, 67, 31.18, 43.75, 34.43, 37.27, 31.95, 30.36, 44.12, 61.88, 52.46, 51.55, 49.70, 40.48,2019-03-14, 27, 18, 22, 49, 39, 51, 30.27, 26.40, 27.96, 32.63, 28.32, 36.73, 43.78, 42.70, 46.77, 48.95, 46.24, 54.08,3,びわこ
 68, 12, 14, 66, 26, 18, 36.98, 26.82, 41.11, 30.22, 32.57, 35.96, 52.08, 44.13, 56.67, 47.80, 42.86, 51.12,2019-03-14, 32, 17, 36, 56, 39, 50, 35.14, 56.04, 35.24, 48.24, 28.65, 37.76, 51.35, 72.46, 53.33, 66.83, 41.08, 52.04,3,尼　崎
 73, 54, 76, 37, 36, 20, 33.82, 37.44, 34.52, 41.95, 32.85, 34.85, 52.45, 51.23, 50.25, 57.07, 49.76, 48.99,2019-03-14, 64, 53, 26, 15, 39, 65, 36.19, 31.71, 36.36, 47.09, 35.86, 35.43, 50.95, 46.34, 51.67, 65.02, 54.04, 54.71,3,鳴　門
  3, 37, 44, 35, 18, 47, 35.53, 31.06, 35.86, 42.74, 26.12, 43.06, 55.26, 55.30, 48.97, 57.26, 44.78, 58.33,2019-03-14, 60, 66, 25, 19, 52,  5, 29.17, 25.81, 17.65, 21.13, 40.00, 13.73, 48.61, 38.71, 32.35, 35.21, 63.08, 25.49,3,丸　亀
 33, 34, 28, 46, 54, 60, 44.44, 11.11, 25.00, 25.00, 33.33, 44.44, 66.67, 22.22, 50.00, 25.00, 44.44, 55.56,2019-03-14, 46, 43, 27, 61, 48, 20, 29.79, 33.33, 20.83, 42.00, 40.00, 31.25, 42.55, 60.42, 45.83, 70.00, 60.00, 47.92,3,児　島
 48, 21, 43, 56, 13, 12, 29.59, 35.29, 38.05, 33.33, 37.01, 40.18, 46.94, 54.41, 56.64, 50.00, 51.97, 61.61,2019-03-14, 44, 40, 29, 47, 18, 57, 36.72, 32.56, 44.44, 38.39, 25.49, 26.04, 51.56, 45.74, 57.41, 61.61, 52.94, 43.75,3,宮　島
 52, 58, 50, 23, 71, 24, 31.88, 30.41, 31.31, 34.11, 30.50, 36.57, 50.72, 47.42, 47.66, 51.40, 51.50, 53.70,2019-03-14, 22, 51, 24, 55, 44, 46, 39.78, 28.77, 28.49, 29.27, 43.09, 30.95, 55.80, 43.84, 40.22, 48.17, 60.64, 54.17,3,芦　屋
 21, 65, 45, 13, 39, 44, 38.46, 31.82, 44.03, 33.97, 36.54, 31.85, 52.56, 58.44, 61.64, 50.00, 50.64, 50.32,2019-03-14, 70, 28, 15, 20, 54, 69, 44.44, 35.29, 17.65, 45.00, 16.67, 31.58, 61.11, 58.82, 29.41, 55.00, 41.67, 47.37,3,大　村
 61, 26, 13, 41, 51, 25, 36.49, 28.77, 32.47, 37.84, 45.45, 39.19, 54.05, 39.73, 50.65, 52.70, 54.55, 56.76,2019-03-14, 40, 15, 57, 53, 50, 48, 28.85, 31.11, 33.33, 29.82, 27.78, 28.81, 34.62, 55.56, 47.06, 50.88, 48.15, 55.93,4,桐　生
 60, 11, 35, 14, 61, 16, 36.32, 33.68, 37.37, 31.44, 32.46, 32.64, 53.73, 51.58, 52.53, 49.48, 50.26, 52.33,2019-03-14, 37, 57, 20, 39, 17, 19, 42.65, 35.38, 31.75, 41.94, 35.18, 27.27, 60.66, 51.89, 52.38, 57.60, 49.25, 44.39,4,江戸川
 39, 15, 13, 22, 27, 26, 31.45, 29.33, 37.06, 36.81, 32.19, 35.80, 48.43, 46.00, 58.24, 48.61, 48.63, 53.70,2019-03-14, 58, 70, 75, 12, 63, 74, 38.71, 33.12, 31.82, 34.62, 32.69, 38.51, 62.58, 49.35, 47.40, 50.00, 53.85, 56.52,4,平和島
168,151,162,185,153,135, 37.90, 37.10, 32.79, 31.97, 30.40, 32.00, 58.87, 51.61, 51.64, 50.82, 52.00, 48.00,2019-03-14, 48, 36, 54, 12, 14, 56, 38.64, 46.21, 35.92, 35.14, 37.01, 32.54, 59.09, 62.76, 52.82, 47.30, 51.97, 48.41,4,多摩川
 55, 65, 54, 36, 21, 26, 33.69, 39.25, 31.82, 34.62, 33.52, 33.51, 47.06, 56.99, 50.00, 53.85, 47.49, 48.65,2019-03-14, 70, 16, 39, 67, 41, 26, 28.78, 41.94, 36.04, 42.78, 37.80, 32.38, 50.73, 60.22, 53.81, 58.76, 56.46, 51.90,4,蒲　郡
 51, 50, 17, 57, 47, 69, 34.73, 34.59, 38.31, 27.50, 46.34, 28.95, 52.69, 48.43, 51.30, 42.50, 61.59, 41.23,2019-03-14, 20, 18, 33, 23,  3, 14, 24.14, 13.79, 33.33, 18.03, 25.45, 22.58, 39.66, 27.59, 50.00, 44.26, 38.18, 43.55,4,常　滑
 25, 11, 24, 22, 38, 14, 40.76, 27.10, 31.78, 41.51, 39.07, 38.46, 62.09, 42.52, 50.00, 57.08, 58.60, 51.92,2019-03-14, 41, 15, 17, 50, 54, 65, 32.63, 38.79, 33.04, 31.30, 32.13, 37.14, 45.76, 59.05, 48.70, 45.65, 52.94, 56.19,4,三　国
 19, 56, 22, 48, 39, 45, 40.91, 39.33, 28.14, 30.06, 32.76, 26.79, 60.23, 59.55, 44.31, 45.40, 50.00, 38.69,2019-03-14, 67, 32, 53, 66, 58, 59, 33.68, 41.92, 31.95, 26.70, 35.94, 34.59, 48.19, 54.55, 49.11, 40.34, 53.13, 50.81,4,びわこ
 22, 36, 13, 39, 56, 75, 42.08, 38.46, 32.94, 25.15, 32.81, 49.19, 59.56, 51.79, 50.00, 43.86, 50.00, 60.54,2019-03-14, 19, 62, 16, 55, 12, 40, 42.00, 32.65, 28.11, 36.41, 46.08, 38.42, 60.00, 47.45, 45.95, 54.85, 55.88, 53.69,4,尼　崎
 68, 19, 70, 14, 32, 31, 30.50, 37.56, 32.14, 46.57, 32.21, 35.86, 49.50, 53.30, 50.00, 66.67, 49.52, 50.00,2019-03-14, 60, 27, 51, 35, 50, 56, 28.21, 35.82, 41.40, 35.21, 33.18, 30.15, 45.64, 51.24, 61.40, 53.05, 48.39, 47.24,4,鳴　門
 38,  5, 51, 62, 50, 49, 19.71, 46.83, 43.61, 33.80, 28.37, 30.71, 35.04, 61.11, 60.90, 52.11, 47.52, 47.14,2019-03-14, 27, 62, 29, 18, 28, 64, 53.97, 25.00, 27.87, 29.73, 19.05, 25.71, 68.25, 35.94, 40.98, 44.59, 38.10, 44.29,4,丸　亀
 41, 44, 72, 58, 68, 21, 50.00, 22.22,  0.00, 50.00,  0.00, 37.50, 75.00, 66.67,  0.00, 50.00,  0.00, 50.00,2019-03-14, 26, 22, 39, 15, 44, 16, 41.67, 30.19, 26.83, 18.92, 12.82, 27.91, 60.42, 43.40, 39.02, 40.54, 33.33, 51.16,4,児　島
 17, 67, 51, 58, 26, 65, 28.95, 30.70, 44.34, 29.81, 32.46, 39.67, 42.98, 53.51, 61.32, 49.04, 48.25, 53.72,2019-03-14, 37, 35, 27, 41, 69, 50, 36.79, 27.00, 49.12, 27.36, 31.87, 45.22, 53.77, 36.00, 63.16, 42.45, 43.96, 60.00,4,宮　島
 27, 46, 40, 65, 28, 47, 37.81, 32.00, 35.32, 35.61, 34.86, 38.16, 53.73, 46.00, 54.13, 57.07, 52.75, 52.66,2019-03-14, 12, 38, 49, 27, 56, 34, 36.21, 43.09, 38.32, 36.63, 30.28, 37.99, 50.57, 62.43, 59.28, 51.74, 45.07, 54.75,4,芦　屋
 15, 19, 36, 20, 72, 57, 32.89, 35.22, 37.11, 38.82, 34.18, 37.42, 55.26, 50.94, 50.94, 52.63, 51.27, 52.90,2019-03-14, 27, 36, 47, 30, 50, 72, 38.89, 36.84,  7.14, 11.76,  6.25, 31.58, 50.00, 63.16, 28.57, 23.53,  6.25, 47.37,4,大　村
 31, 16, 54, 38, 65, 69, 30.99, 43.24, 39.73, 41.03, 45.95, 35.00, 53.52, 66.22, 54.79, 55.13, 62.16, 58.75,2019-03-14, 36, 49, 74, 18, 30, 41, 30.36, 29.63, 47.27, 24.44, 36.00, 20.45, 37.50, 50.00, 61.82, 42.22, 62.00, 38.64,5,桐　生
 18, 39, 33, 52, 34, 22, 36.18, 30.53, 39.32, 34.76, 31.03, 39.35, 51.76, 48.95, 55.83, 53.33, 43.84, 55.09,2019-03-14, 25, 67, 15, 14, 45, 34, 38.00, 31.28, 31.38, 38.50, 34.67, 40.57, 58.00, 43.58, 49.47, 57.28, 47.24, 56.13,5,江戸川
 43, 14, 19, 35, 47, 21, 35.50, 27.33, 44.38, 34.38, 23.85, 32.91, 49.70, 43.33, 56.74, 54.38, 43.08, 50.63,2019-03-14, 51, 48, 49, 46, 66, 14, 33.33, 41.83, 28.83, 38.46, 31.48, 39.87, 50.00, 60.13, 46.63, 51.92, 43.21, 57.59,5,平和島
169,170,177,132,176,183, 44.26, 25.66, 30.33, 36.80, 30.63, 28.57, 60.66, 44.25, 47.54, 50.40, 54.05, 46.03,2019-03-14, 49, 59, 68, 31, 37, 72, 33.04, 29.63, 36.13, 29.41, 34.51, 38.28, 46.96, 47.22, 53.55, 46.32, 52.82, 55.47,5,多摩川
 22, 31, 60, 73, 67, 24, 31.55, 39.44, 34.21, 32.00, 24.60, 41.97, 48.06, 57.22, 50.53, 47.43, 40.64, 57.51,2019-03-14, 46, 59, 22, 51, 33, 62, 32.87, 43.53, 35.35, 27.78, 52.91, 33.48, 51.85, 61.18, 54.42, 47.98, 69.31, 48.02,5,蒲　郡
 65, 35, 41, 74, 14, 49, 33.54, 34.76, 38.55, 29.23, 29.17, 35.50, 53.42, 47.56, 59.64, 42.31, 43.33, 57.40,2019-03-14, 56,  6, 63, 57, 17,  9, 42.03, 33.33, 35.00, 41.27, 24.07, 25.93, 57.97, 48.33, 50.00, 61.90, 35.19, 44.44,5,常　滑
 65, 39, 46, 57, 63, 20, 29.38, 36.23, 38.39, 37.21, 27.78, 29.44, 50.00, 54.11, 51.18, 56.28, 41.92, 43.93,2019-03-14, 35, 66, 37, 29, 28, 27, 29.61, 38.74, 38.27, 27.41, 47.49, 36.80, 48.93, 59.91, 53.91, 42.64, 61.19, 54.98,5,三　国
 13, 34, 58, 69, 30, 25, 29.17, 49.70, 35.75, 36.00, 32.95, 32.74, 47.02, 66.27, 49.16, 53.14, 47.73, 52.98,2019-03-14, 37, 28, 12, 19, 36, 24, 46.08, 31.52, 29.94, 40.00, 30.16, 36.67, 59.31, 51.63, 44.63, 55.14, 49.74, 56.11,5,びわこ
 35, 58, 37, 51, 71, 57, 46.28, 40.21, 26.63, 41.86, 33.67, 47.24, 62.77, 55.67, 42.01, 61.63, 49.49, 61.31,2019-03-14,  5, 49, 14, 29, 27, 34, 37.69, 36.54, 35.07, 38.92, 31.86, 41.67, 55.78, 52.88, 53.55, 58.13, 44.12, 60.78,5,尼　崎
 59, 74, 64, 56, 71, 29, 34.98, 31.84, 33.82, 40.38, 33.50, 38.61, 52.22, 47.26, 44.61, 56.25, 49.75, 52.97,2019-03-14, 71, 69, 13, 78, 17, 31, 33.99, 29.00, 38.27, 45.50, 33.17, 38.89, 48.28, 47.50, 53.06, 61.26, 52.88, 57.58,5,鳴　門
 25, 20,  2,  1, 63, 30, 27.01, 33.33, 27.27, 31.82, 30.22, 38.16, 44.53, 50.34, 42.42, 46.97, 50.36, 50.00,2019-03-14, 23, 32, 39, 55,  9, 46, 45.16, 21.54, 28.17, 23.61, 25.00, 43.55, 58.06, 41.54, 45.07, 45.83, 37.50, 51.61,5,丸　亀
 35, 45, 56, 30, 14, 62, 44.44, 11.11, 55.56, 37.50, 50.00, 12.50, 55.56, 66.67, 55.56, 62.50, 75.00, 25.00,2019-03-14, 68, 58, 71, 35, 14, 54, 34.69, 15.91, 13.51, 20.00, 29.79, 40.43, 57.14, 25.00, 24.32, 32.00, 38.30, 59.57,5,児　島
 19, 64, 47, 41, 57, 33, 39.50, 24.75, 40.50, 37.29, 34.58, 36.46, 57.14, 32.67, 57.02, 55.93, 51.40, 51.04,2019-03-14, 67, 21, 39, 65, 11, 26, 48.25, 37.39, 17.58, 33.62, 34.51, 27.97, 58.77, 52.17, 37.36, 53.45, 53.98, 44.92,5,宮　島
 39, 16, 67, 63, 75, 36, 34.80, 34.16, 40.19, 35.19, 35.58, 28.06, 51.47, 50.50, 56.94, 48.61, 50.96, 47.96,2019-03-14, 65, 48, 23, 63, 50,  2, 31.54, 34.12, 29.51, 34.12, 29.80, 37.57, 52.35, 45.88, 50.27, 50.00, 46.36, 61.90,5,芦　屋
 70, 14, 25, 67, 31, 48, 34.57, 31.01, 31.61, 32.47, 29.05, 33.33, 53.09, 46.84, 45.16, 50.00, 46.62, 49.36,2019-03-14, 24, 65, 16, 32, 35, 25, 23.53, 33.33, 45.00, 47.37, 11.76, 70.59, 23.53, 40.00, 65.00, 63.16, 41.18, 70.59,5,大　村
 19, 71, 70, 27, 28, 53, 34.21, 50.65, 33.33, 29.49, 30.67, 23.61, 46.05, 67.53, 47.83, 43.59, 38.67, 41.67,2019-03-14, 44, 42, 67, 66, 73, 39, 27.45, 30.61, 50.88, 35.09, 40.82, 22.22, 41.18, 55.10, 68.42, 52.63, 46.94, 35.56,6,桐　生
 10, 17, 29, 57, 24, 63, 31.25, 31.44, 31.61, 31.22, 34.31, 33.50, 46.88, 47.42, 45.60, 47.09, 50.49, 53.00,2019-03-14, 28, 60, 23, 35, 27, 41, 44.86, 33.66, 30.81, 33.67, 44.71, 42.86, 63.08, 54.15, 45.45, 51.76, 61.54, 57.14,6,江戸川
 32, 30, 71, 31, 34, 51, 34.83, 38.75, 26.17, 33.53, 26.11, 35.15, 52.81, 52.50, 43.62, 47.06, 43.31, 53.94,2019-03-14, 18, 65, 53, 17, 69, 45, 25.33, 38.85, 46.75, 25.83, 31.88, 26.45, 48.67, 61.78, 66.23, 42.38, 48.13, 40.00,6,平和島
130,134,122,125,158,179, 38.21, 22.45, 27.78, 33.33, 29.75, 24.47, 55.28, 35.71, 45.24, 44.72, 44.63, 39.36,2019-03-14, 62, 46, 65, 15, 35, 66, 33.85, 32.19, 46.56, 35.04, 28.57, 28.35, 42.31, 58.22, 67.94, 49.57, 47.62, 44.09,6,多摩川
 20, 63, 14, 35, 30, 51, 21.08, 41.18, 37.50, 35.32, 34.22, 32.65, 42.77, 55.39, 53.75, 54.73, 50.27, 51.53,2019-03-14, 12, 35, 65, 17, 20, 27, 36.61, 35.68, 36.87, 48.55, 32.62, 46.11, 53.01, 49.30, 61.75, 65.90, 44.39, 64.44,6,蒲　郡
 40, 20, 67, 75, 45, 60, 33.12, 33.33, 29.88, 35.57, 27.21, 35.26, 48.05, 46.41, 50.00, 47.65, 41.91, 50.64,2019-03-14, 13, 16, 43, 28, 52, 65, 34.55, 33.93, 30.36, 45.90, 34.78, 28.30, 54.55, 57.14, 53.57, 67.21, 57.97, 35.85,6,常　滑
 27, 37, 18, 71, 45, 52, 38.64, 37.74, 24.30, 31.46, 35.64, 34.26, 53.64, 57.55, 41.59, 50.70, 52.97, 50.93,2019-03-14, 11, 33, 14, 59, 69, 44, 30.77, 46.55, 32.61, 32.63, 37.82, 30.88, 52.14, 66.81, 52.61, 42.80, 55.88, 48.85,6,三　国
 11, 27, 24, 43, 32, 63, 25.88, 34.88, 34.12, 28.74, 38.92, 37.99, 40.59, 50.58, 55.88, 45.98, 55.69, 54.19,2019-03-14, 46, 41, 30, 52, 44, 50, 31.52, 29.31, 32.82, 25.62, 36.90, 38.01, 51.09, 41.95, 49.74, 42.36, 54.55, 54.97,6,びわこ
 25, 38, 11, 43, 60, 29, 38.59, 41.94, 35.23, 24.86, 29.95, 38.27, 55.43, 52.15, 54.55, 41.62, 47.72, 55.10,2019-03-14,  4, 63, 51,  7, 13,  8, 36.17, 38.46, 30.69, 46.27, 28.72, 35.32, 60.64, 61.06, 47.52, 59.70, 44.62, 53.23,6,尼　崎
 11, 69, 67, 16, 75, 78, 39.90, 34.01, 34.15, 33.84, 39.71, 33.18, 58.13, 49.24, 53.17, 49.49, 56.37, 46.73,2019-03-14, 52, 19, 38, 72, 55, 61, 31.94, 30.66, 29.38, 38.14, 30.16, 31.11, 51.85, 47.64, 43.81, 52.56, 51.32, 51.11,6,鳴　門
 21, 19, 43, 41, 60, 29, 46.27, 46.27, 25.37, 25.95, 33.80, 29.41, 60.45, 67.91, 47.01, 39.69, 49.30, 50.00,2019-03-14, 50, 58,  6,  7, 59, 14, 40.28, 36.36, 40.63, 29.03, 44.62, 38.71, 56.94, 50.00, 65.63, 51.61, 58.46, 51.61,6,丸　亀
 38, 64, 67, 36, 55, 40, 62.50, 50.00,  0.00,  0.00, 33.33, 28.57, 87.50, 75.00,  0.00,  0.00, 55.56, 57.14,2019-03-14, 21, 69, 17, 38, 11, 25, 31.37, 29.17, 24.44, 19.05, 41.30, 35.85, 52.94, 58.33, 48.89, 28.57, 52.17, 54.72,6,児　島
 30, 36, 69, 39, 16, 20, 38.33, 33.33, 43.33, 25.77, 21.98, 25.69, 54.17, 50.00, 61.67, 37.11, 37.36, 43.12,2019-03-14, 66, 25, 60, 28, 55, 46, 29.66, 27.27, 44.54, 13.51, 43.75, 39.45, 47.46, 40.40, 56.30, 25.68, 65.18, 56.88,6,宮　島
 14, 30, 34, 60, 69, 35, 36.36, 29.81, 36.45, 46.23, 40.10, 35.64, 52.15, 46.63, 49.07, 61.79, 60.39, 57.43,2019-03-14, 54,  1, 45, 18, 17, 43, 34.16, 34.43, 43.16, 37.87, 35.80, 41.67, 51.55, 53.01, 60.53, 64.50, 51.70, 61.46,6,芦　屋
 41, 66, 23, 17, 26, 16, 36.84, 40.25, 33.96, 33.55, 33.12, 33.33, 51.32, 61.01, 50.31, 49.68, 47.13, 55.97,2019-03-14, 51, 29, 52, 12, 63, 71, 23.53, 18.75,  0.00, 42.86, 11.76, 11.11, 29.41, 37.50, 50.00, 53.57, 23.53, 33.33,6,大　村
 55, 66, 12, 22, 20, 64, 37.84, 43.06, 38.67, 31.08, 33.78, 21.74, 58.11, 59.72, 65.33, 39.19, 51.35, 36.23,2019-03-14, 11, 24, 38, 55, 63, 71, 70.37, 61.22, 16.22, 14.29, 26.67, 36.36, 75.93, 75.51, 29.73, 40.00, 44.44, 50.00,7,桐　生
 20, 40, 59, 68, 23, 65, 32.26, 30.81, 34.87, 32.66, 37.91, 42.79, 45.70, 50.27, 51.28, 47.24, 56.87, 55.77,2019-03-14, 48, 51, 18, 38, 49, 46, 35.07, 28.65, 48.20, 43.69, 33.33, 31.66, 47.87, 44.27, 62.61, 62.14, 52.17, 51.76,7,江戸川
 17, 41, 29, 73, 38, 11, 33.99, 35.85, 44.17, 34.23, 42.48, 32.10, 47.06, 50.94, 61.96, 46.98, 63.40, 52.47,2019-03-14, 41, 54, 20, 50, 68, 52, 27.01, 47.10, 24.66, 34.59, 33.96, 37.34, 45.99, 62.58, 49.32, 51.57, 53.46, 56.33,7,平和島
173,180,152,126,133,131, 34.65, 43.09, 28.46, 29.79, 29.90, 32.00, 45.54, 63.41, 40.65, 47.87, 42.27, 51.20,2019-03-14, 61, 21, 45, 18, 29, 44, 45.38, 39.01, 30.60, 45.08, 30.60, 31.68, 65.55, 55.32, 47.01, 61.48, 47.01, 52.48,7,多摩川
 59, 12, 71, 29, 16, 53, 38.42, 21.82, 29.61, 36.87, 36.84, 30.77, 51.05, 40.61, 46.71, 51.40, 55.79, 49.70,2019-03-14, 45, 36, 40, 19, 14, 76, 32.68, 35.64, 49.49, 42.86, 35.83, 34.16, 52.68, 50.00, 64.14, 60.00, 55.61, 53.96,7,蒲　郡
 24, 73, 48, 34, 52, 39, 39.24, 27.78, 36.42, 32.39, 33.13, 39.29, 56.96, 38.19, 47.68, 45.07, 52.15, 57.74,2019-03-14, 19, 29, 50, 27, 34, 41, 23.21, 28.81, 26.56, 49.18, 15.09, 18.18, 28.57, 50.85, 37.50, 59.02, 39.62, 34.09,7,常　滑
 53, 61, 48, 12, 62, 40, 32.86, 48.36, 35.27, 29.44, 28.17, 37.44, 53.81, 63.85, 54.11, 46.26, 45.07, 52.61,2019-03-14, 45, 52, 43, 31, 20, 36, 32.61, 44.74, 33.19, 41.71, 36.21, 35.86, 52.17, 65.35, 50.64, 57.82, 57.20, 53.16,7,三　国
 70, 57, 40, 21, 14, 62, 26.79, 30.64, 35.20, 32.22, 20.75, 26.51, 42.26, 49.13, 53.07, 52.22, 42.14, 42.17,2019-03-14, 17, 13, 62, 35, 65, 29, 33.69, 34.36, 33.14, 29.48, 38.22, 37.95, 44.92, 54.87, 44.57, 47.40, 57.59, 61.03,7,びわこ
 54, 65, 77, 12, 49, 64, 44.62, 33.15, 29.63, 26.82, 36.76, 40.63, 61.54, 48.07, 44.44, 44.13, 56.22, 57.29,2019-03-14, 43, 15, 45, 17, 30, 52, 32.26, 37.25, 39.25, 56.04, 35.24, 37.44, 51.08, 57.84, 51.08, 72.46, 52.38, 55.17,7,尼　崎
 12, 58, 15, 13, 51, 76, 30.35, 38.16, 41.95, 32.67, 30.77, 34.52, 51.74, 54.11, 60.00, 50.99, 50.48, 50.25,2019-03-14, 62, 28, 11, 67, 33, 26, 31.77, 31.16, 32.38, 41.78, 44.06, 36.36, 43.23, 44.65, 49.05, 58.69, 61.39, 51.67,7,鳴　門
 40, 56, 15, 58,  6, 65, 33.33, 36.03, 23.70, 33.79, 27.21, 29.71, 48.23, 47.79, 40.74, 49.66, 44.85, 44.93,2019-03-14, 36, 57, 24, 54, 56, 10, 27.40, 22.54, 41.54, 22.86, 50.00, 19.70, 41.10, 38.03, 63.08, 47.14, 68.18, 28.79,7,丸　亀
 13, 15, 66, 65, 33, 71, 33.33, 25.00,  0.00,  0.00, 44.44,  0.00, 55.56, 62.50,  0.00,  0.00, 66.67,  0.00,2019-03-14, 24, 62, 47, 32, 46, 23, 26.53, 31.11, 18.60, 20.00, 29.79, 23.91, 38.78, 42.22, 32.56, 31.11, 42.55, 34.78,7,児　島
 13, 34, 15, 29, 68, 24, 37.01, 39.84, 42.20, 30.09, 23.36, 23.42, 51.97, 52.03, 57.80, 47.79, 43.93, 40.54,2019-03-14, 18, 33, 42, 68, 31, 16, 25.49, 34.96, 26.00, 18.09, 34.91, 39.82, 52.94, 53.66, 51.00, 34.04, 46.23, 57.52,7,宮　島
 53, 37, 29, 57, 23, 18, 40.93, 31.46, 40.65, 34.60, 34.11, 29.38, 55.44, 48.36, 53.74, 51.66, 51.40, 49.76,2019-03-14, 42, 30, 35, 61, 55,  4, 46.88, 34.83, 36.26, 39.77, 29.27, 31.58, 61.88, 48.88, 54.39, 53.22, 48.17, 45.26,7,芦　屋
 63, 56, 21, 46, 58, 50, 34.18, 49.02, 38.46, 42.14, 34.21, 31.41, 47.47, 64.71, 52.56, 57.86, 52.63, 48.72,2019-03-14, 18, 31, 70, 56, 57, 53, 16.67, 11.11, 44.44,  5.88, 21.05,  6.67, 44.44, 38.89, 61.11, 17.65, 36.84, 53.33,7,大　村
 41, 48, 39, 74, 52, 35, 37.84, 26.03, 30.99, 31.17, 28.95, 22.97, 52.70, 42.47, 52.11, 46.75, 46.05, 37.84,2019-03-14, 53, 69, 19, 26, 52, 70, 29.82, 28.57, 28.89, 22.73, 17.65, 32.26, 50.88, 39.29, 46.67, 45.45, 29.41, 45.16,8,桐　生
 62, 47, 38, 67, 35, 19, 34.83, 35.61, 40.72, 31.09, 37.37, 31.86, 55.72, 48.78, 53.85, 47.67, 52.53, 48.04,2019-03-14, 65, 43, 21, 59, 20, 32, 38.99, 35.82, 35.10, 28.09, 31.75, 36.87, 55.96, 51.74, 53.85, 40.45, 52.38, 53.92,8,江戸川
 44, 28, 33, 18, 49, 23, 39.22, 23.44, 36.62, 24.54, 41.30, 29.45, 52.94, 35.16, 53.52, 46.01, 65.22, 51.37,2019-03-14, 25, 61, 10, 55, 56, 30, 40.26, 26.53, 45.28, 34.81, 56.60, 34.59, 56.49, 40.14, 57.86, 44.94, 74.21, 51.57,8,平和島
172,157,181,154,145,184, 22.12, 42.98, 28.57, 26.00, 37.10, 35.77, 37.50, 56.20, 44.90, 46.00, 59.68, 55.28,2019-03-14, 64, 32, 19, 47, 63, 71, 41.01, 37.68, 33.12, 39.10, 35.65, 32.61, 54.68, 50.72, 48.41, 53.38, 48.70, 52.17,8,多摩川
 27, 72, 18, 61, 65, 28, 32.00, 25.17, 29.80, 35.68, 39.25, 32.34, 51.43, 42.66, 51.01, 51.89, 56.99, 46.27,2019-03-14, 25, 53, 24, 29, 16, 30, 29.68, 27.40, 31.31, 37.93, 41.94, 35.60, 48.39, 47.26, 50.00, 51.72, 60.22, 53.93,8,蒲　郡
 72, 47, 55, 28, 44, 32, 32.48, 46.34, 33.77, 29.49, 37.20, 33.33, 51.59, 61.59, 53.25, 46.15, 54.27, 52.67,2019-03-14, 49,  3, 32, 37, 44,  4, 41.43, 25.45, 23.73, 31.03, 28.81, 29.63, 52.86, 38.18, 38.98, 48.28, 45.76, 37.04,8,常　滑
 38, 44, 36, 26, 68, 69, 39.07, 43.96, 30.33, 32.26, 23.86, 26.09, 58.60, 60.39, 45.02, 47.93, 36.04, 42.51,2019-03-14, 54, 13, 38, 32, 64, 58, 32.13, 36.91, 31.42, 35.48, 35.34, 44.29, 52.94, 47.21, 45.13, 54.44, 53.45, 63.93,8,三　国
 23, 22, 17, 31, 54, 33, 45.18, 28.14, 32.04, 36.78, 43.75, 26.44, 60.24, 44.31, 50.83, 51.15, 61.88, 46.55,2019-03-14, 34, 53, 61, 31, 18, 16, 39.67, 31.95, 36.71, 37.44, 26.40, 37.29, 61.96, 49.11, 50.24, 52.31, 42.70, 56.50,8,びわこ
 17, 56, 16, 31, 14, 67, 39.90, 32.81, 32.43, 32.98, 41.11, 32.18, 64.77, 50.00, 48.11, 50.79, 56.67, 58.05,2019-03-14, 35, 12, 11, 44, 36, 10, 29.32, 46.08, 36.76, 27.08, 35.24, 35.14, 45.55, 55.88, 56.86, 43.75, 53.33, 53.51,8,尼　崎
 61, 37, 65, 21, 68, 55, 30.35, 41.95, 32.65, 39.13, 30.50, 28.87, 47.26, 57.07, 50.00, 58.94, 49.50, 45.88,2019-03-14, 16, 15, 75, 21, 60, 79, 34.47, 47.09, 36.32, 45.13, 28.21, 36.45, 54.85, 65.02, 54.73, 60.18, 45.64, 51.72,8,鳴　門
  8, 35, 38, 32, 59, 34, 48.85, 42.74, 19.71, 32.89, 25.98, 37.93, 63.36, 57.26, 35.04, 50.34, 43.31, 51.72,2019-03-14, 44, 19, 27, 38, 61, 45, 23.94, 21.13, 53.97, 37.66, 15.79, 43.75, 43.66, 35.21, 68.25, 54.55, 28.07, 54.69,8,丸　亀
 51, 68, 31, 24, 23, 32,  0.00,  0.00, 22.22, 22.22, 33.33, 37.50,  0.00,  0.00, 66.67, 22.22, 55.56, 62.50,2019-03-14, 63, 44, 33, 50, 37, 40, 31.91, 12.82, 26.09, 30.61, 17.50,  7.50, 48.94, 33.33, 36.96, 59.18, 32.50, 15.00,8,児　島
 66, 28, 22, 27, 65, 43, 36.61, 27.83, 28.69, 31.53, 39.67, 38.05, 47.32, 43.48, 42.62, 52.25, 53.72, 56.64,2019-03-14, 70, 34, 63, 59, 50, 29, 26.42, 21.84, 38.02, 46.15, 45.22, 44.44, 43.40, 36.78, 56.20, 63.25, 60.00, 57.41,8,宮　島
 44, 51, 41, 72, 74, 65, 43.48, 34.98, 40.20, 31.68, 42.44, 35.61, 60.39, 53.69, 57.84, 48.02, 61.46, 57.07,2019-03-14, 21, 59, 60, 32, 13, 27, 32.95, 31.95, 24.84, 41.71, 36.07, 36.63, 51.14, 47.34, 36.31, 58.86, 57.92, 51.74,8,芦　屋
 37, 15, 11, 45, 18, 62, 33.55, 32.89, 28.57, 44.03, 32.28, 37.91, 51.32, 55.26, 43.54, 61.64, 47.47, 55.56,2019-03-14, 43, 27, 26, 15, 34, 22, 12.50, 38.89, 30.00, 17.65, 41.18, 20.00, 18.75, 50.00, 40.00, 29.41, 58.82, 30.00,8,大　村
 54, 50, 26, 44, 11, 62, 39.73, 21.62, 28.77, 31.43, 45.33, 30.26, 54.79, 43.24, 39.73, 40.00, 70.67, 51.32,2019-03-14, 74, 60, 15, 23, 46, 27, 47.27, 21.74, 31.11, 21.74, 27.45, 26.67, 61.82, 34.78, 55.56, 52.17, 45.10, 48.89,9,桐　生
 46, 31, 48, 71, 11, 52, 32.61, 41.75, 33.85, 37.62, 33.68, 34.76, 49.46, 58.25, 55.90, 53.96, 51.58, 53.33,2019-03-14, 11, 53, 10, 70, 57, 14, 33.50, 29.23, 29.47, 32.63, 35.38, 38.50, 51.72, 42.05, 46.84, 53.16, 51.89, 57.28,9,江戸川
 56, 12, 43, 37, 15, 75, 26.77, 19.55, 35.50, 28.97, 29.33, 20.74, 39.37, 41.35, 49.70, 39.31, 46.00, 37.78,2019-03-14, 28, 72, 51, 64, 70, 13, 33.96, 54.17, 33.33, 25.79, 33.12, 37.58, 50.94, 63.69, 50.00, 42.14, 49.35, 52.23,9,平和島
148,165,161,162,130,170, 28.85, 22.95, 35.43, 32.79, 38.21, 25.66, 48.08, 44.26, 46.46, 51.64, 55.28, 44.25,2019-03-14, 25, 27, 11, 54, 62, 59, 27.18, 44.17, 31.17, 35.92, 33.85, 29.63, 46.60, 60.83, 48.05, 52.82, 42.31, 47.22,9,多摩川
 54, 32, 34, 15, 31, 19, 31.82, 37.06, 31.10, 31.22, 39.44, 34.63, 50.00, 57.36, 44.51, 49.74, 57.22, 50.73,2019-03-14, 39, 77, 61, 60, 59, 72, 36.04, 27.36, 29.81, 39.79, 43.53, 43.68, 53.81, 42.79, 49.52, 60.73, 61.18, 63.79,9,蒲　郡
 30, 65, 56, 53, 17, 61, 31.82, 33.54, 36.71, 32.72, 38.31, 34.38, 53.25, 53.42, 48.10, 48.77, 51.30, 44.38,2019-03-14, 22, 56, 38, 60, 33, 47, 40.74, 42.03, 32.14, 27.12, 33.33, 32.81, 53.70, 57.97, 50.00, 35.59, 50.00, 46.88,9,常　滑
 57, 14, 67, 24, 39, 51, 37.21, 38.46, 34.11, 31.78, 36.23, 33.00, 56.28, 51.92, 50.47, 50.00, 54.11, 49.26,2019-03-14, 29, 65, 68, 17, 66, 30, 27.41, 37.14, 42.79, 33.04, 38.74, 43.84, 42.64, 56.19, 56.74, 48.70, 59.91, 61.64,9,三　国
 48, 53, 11, 68, 69, 55, 30.06, 41.24, 25.88, 31.98, 36.00, 21.89, 45.40, 58.19, 40.59, 45.35, 53.14, 38.46,2019-03-14, 66, 14, 46, 25, 19, 11, 26.70, 31.52, 31.52, 27.75, 40.00, 45.45, 40.34, 46.74, 51.09, 38.22, 55.14, 63.64,9,びわこ
 75, 25, 22, 35, 40, 69, 49.19, 38.59, 42.08, 46.28, 29.31, 31.55, 60.54, 55.43, 59.56, 62.77, 50.00, 48.66,2019-03-14, 40,  4, 19,  5, 60, 42, 38.42, 36.17, 42.00, 37.69, 31.90, 33.66, 53.69, 60.64, 60.00, 55.78, 46.19, 51.98,9,尼　崎
 14, 50, 60, 71, 73, 38, 46.57, 33.68, 31.50, 33.50, 33.82, 34.83, 66.67, 52.63, 49.00, 49.75, 52.45, 45.77,2019-03-14, 35, 10, 58, 17, 64, 59, 35.21, 35.00, 37.38, 33.17, 36.19, 34.98, 53.05, 51.00, 54.67, 52.88, 50.95, 53.20,9,鳴　門
  2, 52, 49, 36, 37, 26, 27.27, 36.50, 30.71, 44.90, 31.06, 27.94, 42.42, 50.36, 47.14, 63.95, 55.30, 44.85,2019-03-14, 39, 34, 64, 12, 66, 11, 28.17, 26.39, 25.71, 21.43, 25.81, 19.12, 45.07, 38.89, 44.29, 35.71, 38.71, 30.88,9,丸　亀
 28, 70, 53, 57, 35, 63, 25.00,  0.00, 22.22, 44.44, 44.44, 25.00, 50.00,  0.00, 44.44, 55.56, 55.56, 25.00,2019-03-14, 27, 13, 57, 45, 68, 51, 20.83, 18.42, 23.08, 29.79, 34.69, 34.78, 45.83, 28.95, 32.69, 46.81, 57.14, 52.17,9,児　島
 47, 37, 21, 17, 53, 11, 40.50, 34.13, 35.29, 28.95, 24.74, 37.10, 57.02, 51.59, 54.41, 42.98, 36.08, 52.42,2019-03-14, 39, 62, 40, 37, 71, 48, 17.58, 28.81, 32.56, 36.79, 31.03, 30.00, 37.36, 42.37, 45.74, 53.77, 42.24, 48.18,9,宮　島
 69, 75, 58, 21, 26, 28, 40.10, 35.58, 30.41, 38.03, 28.92, 34.86, 60.39, 50.96, 47.42, 58.22, 45.59, 52.75,2019-03-14, 17, 50, 51, 29,  7, 56, 35.80, 29.80, 28.77, 34.25, 43.72, 30.28, 51.70, 46.36, 43.84, 54.14, 60.11, 45.07,9,芦　屋
 29, 36, 13, 70, 74, 24, 31.61, 37.11, 33.97, 34.57, 48.75, 33.54, 54.84, 50.94, 50.00, 53.09, 58.75, 50.00,2019-03-14, 76, 47, 20, 24, 21, 60, 23.53,  7.14, 45.00, 23.53, 42.11, 14.29, 35.29, 28.57, 55.00, 23.53, 52.63, 35.71,9,大　村
 51, 47, 27, 16, 33, 34, 45.45, 45.45, 29.49, 43.24, 30.99, 27.78, 54.55, 68.83, 43.59, 66.22, 52.11, 45.83,2019-03-14, 50, 25, 66, 49, 59, 17, 27.78, 31.91, 35.09, 29.63, 17.78, 28.89, 48.15, 46.81, 52.63, 50.00, 35.56, 37.78,10,桐　生
 28, 16, 15, 39, 45, 29, 36.28, 32.64, 31.47, 30.53, 35.75, 31.61, 50.70, 52.33, 49.75, 48.95, 52.33, 45.60,2019-03-14, 71, 19, 68, 67, 33, 23, 29.35, 27.27, 31.28, 31.28, 30.48, 30.81, 49.25, 44.39, 49.23, 43.58, 46.52, 45.45,10,江戸川
 45, 27, 22, 19, 30, 32, 38.97, 32.19, 36.81, 44.38, 38.75, 34.83, 54.41, 48.63, 48.61, 56.74, 52.50, 52.81,2019-03-14, 22, 63, 12, 49, 65, 18, 32.28, 32.69, 34.62, 28.83, 38.85, 25.33, 51.90, 53.85, 50.00, 46.63, 61.78, 48.67,10,平和島
176,185,163,122,137,152, 30.63, 31.97, 30.83, 27.78, 42.28, 28.46, 54.05, 50.82, 46.67, 45.24, 56.10, 40.65,2019-03-14, 37, 12, 57, 65, 34, 45, 34.51, 35.14, 41.04, 46.56, 44.70, 30.60, 52.82, 47.30, 58.21, 67.94, 67.42, 47.01,10,多摩川
 21, 62, 22, 30, 77, 75, 33.52, 38.76, 31.55, 34.22, 38.04, 29.94, 47.49, 57.42, 48.06, 50.27, 57.61, 46.11,2019-03-14, 41, 56, 46, 20, 52, 73, 37.80, 30.88, 32.87, 32.62, 32.37, 36.54, 56.46, 45.62, 51.85, 44.39, 50.29, 57.69,10,蒲　郡
 14, 15, 38, 20, 13, 57, 29.17, 32.05, 33.11, 33.33, 25.93, 27.50, 43.33, 44.23, 56.29, 46.41, 48.15, 42.50,2019-03-14, 17,  1, 42, 16, 30, 23, 24.07, 33.33, 50.00, 33.93, 17.54, 18.03, 35.19, 54.39, 63.79, 57.14, 35.09, 44.26,10,常　滑
 11, 71, 23, 41, 15, 65, 27.10, 31.46, 47.47, 36.62, 34.31, 29.38, 42.52, 50.70, 63.59, 56.81, 47.55, 50.00,2019-03-14, 15, 59, 61, 63, 48, 35, 38.79, 32.63, 37.66, 32.05, 35.84, 29.61, 59.05, 42.80, 54.98, 45.30, 52.65, 48.93,10,三　国
 43, 67, 45, 44, 34, 41, 28.74, 30.36, 26.79, 38.86, 49.70, 31.43, 45.98, 40.48, 38.69, 54.86, 66.27, 46.29,2019-03-14, 52, 51, 59, 48, 28, 56, 25.62, 36.73, 34.59, 42.16, 31.52, 32.77, 42.36, 54.08, 50.81, 62.70, 51.63, 54.24,10,びわこ
 43, 39, 66, 68, 77, 51, 24.86, 25.15, 30.22, 36.98, 29.63, 41.86, 41.62, 43.86, 47.80, 52.08, 44.44, 61.63,2019-03-14,  7, 55, 56, 32, 45, 29, 46.27, 36.41, 48.24, 35.14, 39.25, 38.92, 59.70, 54.85, 66.83, 51.35, 51.08, 58.13,10,尼　崎
 57, 56, 22, 32, 69, 27, 34.80, 40.38, 38.24, 32.21, 34.01, 30.69, 51.96, 56.25, 55.39, 49.52, 49.24, 41.09,2019-03-14, 68, 78, 32, 50, 19, 73, 31.66, 45.50, 32.43, 33.18, 30.66, 37.07, 48.24, 61.26, 51.80, 48.39, 47.64, 52.20,10,鳴　門
 62, 12, 25, 60, 39, 44, 33.80, 36.55, 27.01, 33.80, 38.10, 35.86, 52.11, 61.38, 44.53, 49.30, 54.42, 48.97,2019-03-14, 18, 21, 23, 59, 47, 25, 29.73, 19.12, 45.16, 44.62, 42.25, 17.65, 44.59, 38.24, 58.06, 58.46, 60.56, 32.35,10,丸　亀
 30, 54, 73, 44, 61, 64, 37.50, 33.33,  0.00, 22.22,  0.00, 50.00, 62.50, 44.44,  0.00, 66.67,  0.00, 75.00,2019-03-14, 35, 48, 29, 22, 67, 69, 20.00, 40.00, 31.71, 30.19, 36.36, 29.17, 32.00, 60.00, 51.22, 43.40, 52.73, 58.33,10,児　島
 16, 56, 40, 71, 62, 67, 21.98, 33.33, 36.89, 29.09, 29.73, 30.70, 37.36, 50.00, 57.38, 53.64, 43.24, 53.51,2019-03-14, 55, 47, 13, 36, 23, 35, 43.75, 38.39, 34.48, 30.40, 32.17, 27.00, 65.18, 61.61, 56.90, 45.60, 50.43, 36.00,10,宮　島
 19, 71, 30, 46, 37, 39, 27.62, 30.50, 29.81, 32.00, 31.46, 34.80, 45.24, 51.50, 46.63, 46.00, 48.36, 51.47,2019-03-14,  6, 44,  1, 38, 30, 65, 38.54, 43.09, 34.43, 43.09, 34.83, 31.54, 53.65, 60.64, 53.01, 62.43, 48.88, 52.35,10,芦　屋
 31, 59, 17, 65, 30, 54, 29.05, 37.01, 33.55, 31.82, 33.97, 39.35, 46.62, 51.95, 49.68, 58.44, 47.44, 53.55,2019-03-14, 35, 23, 12, 28, 17, 14, 11.76, 27.78, 42.86, 35.29, 46.67, 68.42, 41.18, 50.00, 53.57, 58.82, 53.33, 94.74,10,大　村
 52, 63, 31, 57, 55, 13, 28.95, 29.17, 30.99, 26.32, 37.84, 32.47, 46.05, 50.00, 53.52, 47.37, 58.11, 50.65,2019-03-14, 52, 65, 36, 12, 11, 57, 17.65, 32.61, 30.36, 38.89, 70.37, 33.33, 29.41, 54.35, 37.50, 59.26, 75.93, 47.06,11,桐　生
 63, 34, 14, 30, 32, 20, 33.50, 31.03, 31.44, 34.50, 35.82, 32.26, 53.00, 43.84, 49.48, 58.00, 48.26, 45.70,2019-03-14, 41, 45, 39, 13, 29, 48, 42.86, 34.67, 41.94, 40.00, 28.34, 35.07, 57.14, 47.24, 57.60, 57.50, 43.32, 47.87,11,江戸川
 26, 47, 16, 71, 41, 17, 35.80, 23.85, 33.14, 26.17, 35.85, 33.99, 53.70, 43.08, 47.93, 43.62, 50.94, 47.06,2019-03-14, 74, 66, 24, 53, 54, 41, 38.51, 31.48, 31.45, 46.75, 47.10, 27.01, 56.52, 43.21, 45.28, 66.23, 62.58, 45.99,11,平和島
153,138,183,158,121,126, 30.40, 28.57, 28.57, 29.75, 35.48, 29.79, 52.00, 47.90, 46.03, 44.63, 55.65, 47.87,2019-03-14, 14, 53, 72, 35, 58, 18, 37.01, 36.99, 38.28, 28.57, 36.84, 45.08, 51.97, 56.16, 55.47, 47.62, 53.38, 61.48,11,多摩川
 43, 52, 69, 60, 27, 74, 46.75, 33.13, 28.95, 35.26, 31.93, 29.23, 62.34, 52.15, 41.23, 50.64, 48.80, 42.31,2019-03-14, 48, 34, 14, 65, 11, 57, 22.41, 15.09, 22.58, 28.30, 24.56, 41.27, 39.66, 39.62, 43.55, 35.85, 33.33, 61.90,11,常　滑
 68, 25, 72, 17, 12, 27, 23.86, 40.76, 34.13, 30.19, 29.44, 38.64, 36.04, 62.09, 45.67, 44.34, 46.26, 53.64,2019-03-14, 64, 41, 16, 46, 31, 11, 35.34, 32.63, 38.22, 28.14, 41.71, 30.77, 53.45, 45.76, 54.22, 46.75, 57.82, 52.14,11,三　国
 14, 47, 65, 13, 56, 18, 20.75, 23.78, 36.07, 29.17, 39.33, 37.27, 42.14, 40.85, 54.64, 47.02, 59.55, 51.55,2019-03-14, 65, 63, 20, 37, 32, 49, 38.22, 36.81, 35.68, 46.08, 41.92, 32.63, 57.59, 59.34, 52.43, 59.31, 54.55, 48.95,11,びわこ
 18, 64, 55, 17, 58, 11, 35.96, 40.63, 38.42, 39.90, 40.21, 35.23, 51.12, 57.29, 48.95, 64.77, 55.67, 54.55,2019-03-14, 50, 52, 38, 35, 49, 51, 37.76, 37.44, 37.31, 29.32, 36.54, 30.69, 52.04, 55.17, 58.21, 45.55, 52.88, 47.52,11,尼　崎
 72, 31, 24, 25, 13, 67, 35.38, 35.86, 34.63, 33.50, 32.67, 34.15, 49.74, 50.00, 56.59, 46.19, 50.99, 53.17,2019-03-14, 36, 56, 14, 30, 67, 38, 29.59, 30.15, 33.67, 35.59, 41.78, 29.38, 42.35, 47.24, 55.61, 52.70, 58.69, 43.81,11,鳴　門
 43, 51, 18, 24, 58, 14, 25.37, 43.61, 26.12, 33.58, 33.79, 36.49, 47.01, 60.90, 44.78, 43.80, 49.66, 54.05,2019-03-14,  6, 29, 52, 16, 54,  3, 40.63, 27.87, 40.00, 35.38, 22.86, 34.48, 65.63, 40.98, 63.08, 46.15, 47.14, 48.28,11,丸　亀
 67, 60, 71, 41, 29, 69,  0.00, 44.44,  0.00, 50.00,  0.00,  0.00,  0.00, 55.56,  0.00, 75.00, 11.11,  0.00,2019-03-14, 17, 20, 23, 26, 72, 60, 24.44, 31.25, 23.91, 41.67, 38.30, 36.17, 48.89, 47.92, 34.78, 60.42, 57.45, 51.06,11,児　島
 36, 59, 34, 51, 48, 61, 33.33, 35.04, 39.84, 44.34, 29.59, 33.88, 50.00, 48.72, 52.03, 61.32, 46.94, 47.11,2019-03-14, 25, 72, 33, 27, 44, 58, 27.27, 30.58, 34.96, 49.12, 36.72, 31.03, 40.40, 45.45, 53.66, 63.16, 51.56, 48.28,11,宮　島
 16, 68, 27, 52, 25, 74, 34.16, 35.12, 37.81, 31.88, 29.67, 42.44, 50.50, 55.12, 53.73, 50.72, 49.28, 61.46,2019-03-14, 48,  9, 12, 22, 25, 13, 34.12, 38.01, 36.21, 39.78, 35.14, 36.07, 45.88, 50.29, 50.57, 55.80, 50.27, 57.92,11,芦　屋
 19, 44, 63, 22, 41, 18, 35.22, 31.85, 34.18, 33.77, 36.84, 32.28, 50.94, 50.32, 47.47, 51.30, 51.32, 47.47,2019-03-14, 36, 69, 18, 13, 51, 34, 36.84, 31.58, 16.67, 38.89, 23.53, 41.18, 63.16, 47.37, 44.44, 55.56, 29.41, 58.82,11,大　村
 75, 22, 65, 40, 19, 44, 28.95, 31.08, 45.95, 21.33, 34.21, 31.43, 46.05, 39.19, 62.16, 30.67, 46.05, 40.00,2019-03-14, 62, 55, 30, 16, 44, 23, 19.05, 14.29, 36.00, 19.05, 27.45, 21.74, 26.19, 40.00, 62.00, 35.71, 41.18, 52.17,12,桐　生
 66, 61, 57, 33, 40, 62, 31.22, 32.46, 31.22, 39.32, 30.81, 34.83, 42.86, 50.26, 47.09, 55.83, 50.27, 55.72,2019-03-14, 24, 17, 35, 15, 51, 65, 39.17, 35.18, 33.67, 31.38, 28.65, 38.99, 56.22, 49.25, 51.76, 49.47, 44.27, 55.96,12,江戸川
 11, 49, 73, 13, 14, 44, 32.10, 41.30, 34.23, 37.06, 27.33, 39.22, 52.47, 65.22, 46.98, 58.24, 43.33, 52.94,2019-03-14, 52, 56, 50, 75, 48, 25, 37.34, 56.60, 34.59, 31.82, 41.83, 40.26, 56.33, 74.21, 51.57, 47.40, 60.13, 56.49,12,平和島
177,173,155,157,143,134, 30.33, 34.65, 36.89, 42.98, 38.89, 22.45, 47.54, 45.54, 56.56, 56.20, 55.56, 35.71,2019-03-14, 68, 61, 39, 32, 33, 46, 36.13, 45.38, 33.97, 37.68, 53.85, 32.19, 53.55, 65.55, 58.33, 50.72, 75.38, 58.22,12,多摩川
 55, 31, 51, 39, 75, 35, 33.77, 36.42, 34.73, 39.29, 35.57, 34.76, 53.25, 50.00, 52.69, 57.74, 47.65, 47.56,2019-03-14, 32, 55, 20, 41, 28,  6, 23.73, 44.62, 24.14, 18.18, 45.90, 33.33, 38.98, 64.62, 39.66, 34.09, 67.21, 48.33,12,常　滑
 59, 21, 34, 33, 43, 70, 40.09, 40.37, 29.58, 27.57, 22.33, 29.38, 55.66, 57.80, 45.54, 42.52, 38.14, 41.71,2019-03-14, 67, 70, 34, 26, 51, 57, 30.70, 36.89, 32.59, 40.43, 41.78, 31.42, 46.49, 51.11, 46.88, 57.83, 59.56, 47.79,12,三　国
 24, 21, 51, 19, 53, 49, 34.12, 32.22, 31.95, 40.91, 41.24, 36.00, 55.88, 52.22, 49.70, 60.23, 58.19, 51.43,2019-03-14, 30, 35, 39, 67, 14, 64, 32.82, 29.48, 28.32, 33.68, 31.52, 26.44, 49.74, 47.40, 46.24, 48.19, 46.74, 44.25,12,びわこ
 29, 57, 31, 36, 54, 61, 38.27, 47.24, 32.98, 38.46, 44.62, 27.96, 55.10, 61.31, 50.79, 51.79, 61.54, 47.85,2019-03-14,  8, 34, 44, 62, 43,  2, 35.32, 41.67, 27.08, 32.65, 32.26, 46.83, 53.23, 60.78, 43.75, 47.45, 51.08, 60.49,12,尼　崎
 21, 59, 75, 79, 58, 70, 39.13, 34.98, 39.71, 33.33, 38.16, 32.14, 58.94, 52.22, 56.37, 54.73, 54.11, 50.00,2019-03-14, 21, 71, 55, 34, 28, 51, 45.13, 33.99, 30.16, 37.38, 31.16, 41.40, 60.18, 48.28, 51.32, 55.34, 44.65, 61.40,12,鳴　門
  1, 47, 50, 19,  8, 56, 31.82, 43.06, 28.37, 46.27, 48.85, 36.03, 46.97, 58.33, 47.52, 67.91, 63.36, 47.79,2019-03-14, 55,  5, 28, 58, 44, 57, 23.61, 13.73, 19.05, 36.36, 23.94, 22.54, 45.83, 25.49, 38.10, 50.00, 43.66, 38.03,12,丸　亀
 23, 62, 38, 21, 57, 15, 33.33, 12.50, 62.50, 37.50, 44.44, 25.00, 55.56, 25.00, 87.50, 50.00, 55.56, 62.50,2019-03-14, 37, 54, 21, 16, 45, 62, 17.50, 40.43, 31.37, 27.91, 29.79, 31.11, 32.50, 59.57, 52.94, 51.16, 46.81, 42.22,12,児　島
 63, 52, 46, 19, 66, 49, 41.90, 25.66, 35.96, 39.50, 36.61, 40.17, 58.10, 43.36, 51.75, 57.14, 47.32, 58.12,2019-03-14, 30, 19, 12, 67, 70, 17, 29.91, 33.06, 50.41, 48.25, 26.42, 25.93, 54.21, 49.59, 65.29, 58.77, 43.40, 46.30,12,宮　島
 50, 36, 15, 40, 60, 44, 31.31, 28.06, 35.89, 35.32, 46.23, 43.48, 47.66, 47.96, 47.85, 54.13, 61.79, 60.39,2019-03-14, 24,  2, 40, 49, 18, 21, 28.49, 37.57, 32.56, 38.32, 37.87, 32.95, 40.22, 61.90, 48.84, 59.28, 64.50, 51.14,12,芦　屋
 11, 29, 67, 57, 50, 23, 28.57, 31.61, 32.47, 37.42, 31.41, 33.96, 43.54, 54.84, 50.00, 52.90, 48.72, 50.31,2019-03-14, 26, 76, 32, 72, 53, 52, 30.00, 23.53, 47.37, 31.58,  6.67,  0.00, 40.00, 35.29, 63.16, 47.37, 53.33, 50.00,12,大　村
