date,venue,raceNumber, 1-2-3, 1-2-4, 1-2-5, 1-2-6, 1-3-2, 1-3-4, 1-3-5, 1-3-6, 1-4-2, 1-4-3, 1-4-5, 1-4-6, 1-5-2, 1-5-3, 1-5-4, 1-5-6, 1-6-2, 1-6-3, 1-6-4, 1-6-5, 2-1-3, 2-1-4, 2-1-5, 2-1-6, 2-3-1, 2-3-4, 2-3-5, 2-3-6, 2-4-1, 2-4-3, 2-4-5, 2-4-6, 2-5-1, 2-5-3, 2-5-4, 2-5-6, 2-6-1, 2-6-3, 2-6-4, 2-6-5, 3-1-2, 3-1-4, 3-1-5, 3-1-6, 3-2-1, 3-2-4, 3-2-5, 3-2-6, 3-4-1, 3-4-2, 3-4-5, 3-4-6, 3-5-1, 3-5-2, 3-5-4, 3-5-6, 3-6-1, 3-6-2, 3-6-4, 3-6-5, 4-1-2, 4-1-3, 4-1-5, 4-1-6, 4-2-1, 4-2-3, 4-2-5, 4-2-6, 4-3-1, 4-3-2, 4-3-5, 4-3-6, 4-5-1, 4-5-2, 4-5-3, 4-5-6, 4-6-1, 4-6-2, 4-6-3, 4-6-5, 5-1-2, 5-1-3, 5-1-4, 5-1-6, 5-2-1, 5-2-3, 5-2-4, 5-2-6, 5-3-1, 5-3-2, 5-3-4, 5-3-6, 5-4-1, 5-4-2, 5-4-3, 5-4-6, 5-6-1, 5-6-2, 5-6-3, 5-6-4, 6-1-2, 6-1-3, 6-1-4, 6-1-5, 6-2-1, 6-2-3, 6-2-4, 6-2-5, 6-3-1, 6-3-2, 6-3-4, 6-3-5, 6-4-1, 6-4-2, 6-4-3, 6-4-5, 6-5-1, 6-5-2, 6-5-3, 6-5-4,placeBed
2019-11-18,戸　田,1,30.3,46.8,93.9,98.5,27.1,18.0,32.3,27.2,66.0,38.7,94.3,60.8,156.9,83.0,167.3,139.0,176.8,79.9,104.9,180.2,66.9,113.4,180.5,163.7,86.8,94.7,113.4,114.4,159.3,137.3,230.2,174.4,362.1,183.3,314.3,351.0,357.6,248.7,324.1,414.6,40.6,23.8,37.5,29.9,61.7,58.3,78.3,70.8,31.5,56.3,38.3,21.3,62.7,79.5,58.9,46.2,42.7,81.2,30.2,53.8,140.5,69.6,147.6,96.3,185.1,133.2,248.2,168.2,61.8,101.2,87.4,44.4,210.7,256.0,149.5,124.7,121.0,200.7,70.4,139.8,320.5,151.9,341.6,238.4,385.3,217.1,470.9,370.3,149.7,183.0,192.0,137.3,292.6,433.4,255.4,228.8,301.1,372.7,170.2,281.1,201.1,101.2,160.5,287.5,279.1,215.1,337.5,459.5,82.8,152.1,67.6,129.1,193.6,275.0,102.3,238.4,402.9,486.9,206.1,300.3,trifecta
2019-11-18,江戸川,1,24.4,16.4,11.2,欠場,49.7,46.6,34.7,欠場,25.4,45.3,17.8,欠場,12.5,29.4,15.7,欠場,欠場,欠場,欠場,欠場,41.9,27.2,17.7,欠場,111.4,139.4,93.3,欠場,60.7,119.8,36.6,欠場,26.4,66.1,29.4,欠場,欠場,欠場,欠場,欠場,160.9,140.0,112.3,欠場,229.0,225.6,168.1,欠場,227.3,269.6,169.7,欠場,149.1,167.5,157.2,欠場,欠場,欠場,欠場,欠場,60.7,109.7,39.8,欠場,108.4,229.0,51.9,欠場,208.3,267.2,167.5,欠場,36.0,38.4,89.5,欠場,欠場,欠場,欠場,欠場,22.1,51.9,26.5,欠場,31.7,80.6,33.3,欠場,120.2,142.3,142.0,欠場,38.7,38.2,85.7,欠場,欠場,欠場,欠場,欠場,欠場,欠場,欠場,欠場,欠場,欠場,欠場,欠場,欠場,欠場,欠場,欠場,欠場,欠場,欠場,欠場,欠場,欠場,欠場,欠場,trifecta
2019-11-18,平和島,1,14.8,24.4,22.3,92.7,23.9,46.5,46.9,139.7,59.6,81.7,90.3,185.2,61.8,92.0,136.1,235.4,286.4,323.0,368.0,358.9,10.4,20.7,11.8,56.9,18.6,31.2,18.8,84.6,55.4,57.5,37.9,130.3,28.3,29.1,42.8,88.6,239.3,269.2,342.0,228.0,47.0,88.3,73.0,195.1,43.8,68.2,44.1,174.1,156.7,123.7,147.5,251.7,113.1,77.8,184.6,296.7,437.2,480.6,497.0,468.9,133.3,173.5,135.5,248.5,153.0,161.9,106.1,261.9,270.4,193.2,235.4,326.7,159.3,107.6,227.1,253.9,403.8,457.9,401.0,465.2,115.8,178.9,266.7,263.1,93.3,97.7,136.5,241.3,228.0,142.1,328.5,488.6,332.3,169.5,332.3,484.6,392.9,352.4,653.4,692.3,548.6,867.9,639.0,684.1,726.9,775.3,1038,726.9,1453,1292,775.3,1140,1453,1237,639.0,1118,1002,700.6,1292,1163,trifecta
2019-11-18,常　滑,1,14.5,6.4,60.2,31.9,30.7,32.1,164.4,86.9,8.7,24.3,73.6,27.4,217.7,288.0,219.5,304.1,91.6,169.0,77.0,236.6,25.8,13.6,94.1,52.3,68.2,68.9,258.0,216.0,26.4,54.0,133.4,76.0,367.8,513.5,415.5,533.7,189.6,322.1,193.0,465.3,94.8,96.8,320.2,249.7,106.1,109.3,442.6,365.3,147.1,143.6,481.7,262.9,788.9,655.9,972.1,837.5,533.7,716.3,555.5,1134,19.1,48.3,76.3,38.1,24.9,54.2,135.7,54.7,105.3,97.3,292.6,151.2,141.4,185.8,358.1,175.0,64.6,68.3,141.0,159.6,473.3,591.7,579.1,837.5,573.0,777.7,633.0,1158,812.5,716.3,989.8,1327,567.0,555.5,922.7,625.7,1209,1601,1471,878.0,222.2,486.0,193.0,663.9,365.3,672.1,307.5,955.0,680.5,864.1,573.0,1237,197.2,229.7,418.7,490.4,878.0,1158,955.0,716.3,trifecta
2019-11-18,尼　崎,1,8.6,9.8,38.6,196.0,13.2,17.4,47.3,217.9,25.1,32.3,76.4,291.7,100.9,123.8,184.1,651.8,822.2,778.0,1113,1339,12.9,16.2,47.0,167.8,20.1,19.0,46.8,209.7,32.7,29.1,57.5,266.9,149.8,119.7,136.2,524.3,778.0,882.3,939.6,1130,30.4,42.7,86.2,380.8,34.5,32.9,60.5,253.8,65.3,46.7,90.6,382.8,161.1,120.3,169.0,629.1,1247,939.6,1226,1644,65.1,97.1,157.6,469.8,76.0,66.8,107.9,460.8,114.4,78.4,152.9,560.8,215.9,158.6,221.9,516.8,952.0,1079,1339,977.7,263.1,365.4,482.3,1247,318.7,281.5,310.5,1186,446.6,289.4,415.8,1572,524.3,297.7,430.6,977.7,4522,2067,2495,2334,831.6,1186,1292,2334,1004,871.7,1572,2067,1682,1064,1682,2782,1682,1572,2067,2679,4256,2334,3288,3014,trifecta
2019-11-18,鳴　門,1,7.0,25.3,7.0,42.8,7.8,26.8,8.0,34.2,51.1,56.6,55.9,132.6,8.7,9.9,37.0,20.8,103.1,106.5,204.6,71.7,96.6,264.9,95.9,361.4,215.4,630.9,404.9,1019,756.3,1177,1177,1543,179.2,442.6,899.2,858.7,959.7,1872,1903,1464,78.1,183.3,70.3,230.7,195.8,479.8,404.9,1067,604.2,798.6,885.3,1047,154.1,301.3,638.0,565.3,746.4,1502,1427,1177,447.8,594.8,410.8,787.6,751.3,1328,1343,1608,1189,1704,1842,1872,404.9,936.1,815.7,967.8,1842,1730,1757,1842,43.5,56.0,165.7,70.8,123.3,268.7,498.7,322.6,153.9,309.5,671.8,430.9,387.1,585.6,607.4,576.8,136.4,270.6,337.8,456.8,607.4,704.9,1376,356.9,1019,2076,2196,1297,1142,2284,1842,1784,2284,2656,2114,2239,399.3,951.7,1241,1757,trifecta
2019-11-18,児　島,1,6.8,9.4,70.8,25.6,6.2,5.1,46.5,16.5,12.5,9.4,58.7,21.9,178.7,167.5,200.9,217.3,74.7,58.4,65.3,225.2,69.3,98.6,441.1,225.2,148.2,253.5,847.2,768.5,270.1,384.2,920.4,677.7,1065,1620,1620,2570,801.6,1491,1656,2867,47.7,35.7,158.9,93.8,136.0,251.8,837.6,616.1,93.6,225.9,626.5,278.1,723.8,847.2,1007,1775,411.8,642.7,510.6,1818,117.9,77.4,275.1,145.3,256.1,435.9,994.0,703.3,129.4,324.1,898.2,369.0,631.8,1164,1620,1021,292.3,696.7,525.0,696.7,577.9,528.7,548.1,1021,1112,1733,1222,2329,877.1,1461,2014,1911,856.9,1553,2329,1586,1620,1818,2982,1461,573.4,552.2,497.0,1263,1146,2329,877.1,3727,810.3,2259,1065,3923,877.1,1021,1307,2404,1285,2404,3388,2259,trifecta
2019-11-18,徳　山,1,7.1,8.0,27.2,62.1,7.7,5.7,18.2,42.1,11.3,9.4,25.5,55.0,69.8,66.5,76.8,163.1,202.5,203.6,202.7,277.9,53.0,59.3,135.9,226.8,130.3,168.6,303.3,749.9,187.7,288.6,534.9,765.3,437.6,594.5,802.3,1275,785.4,1776,1715,1776,68.3,49.0,114.9,208.4,174.5,223.7,497.4,820.0,90.2,211.9,209.6,374.0,323.7,635.0,540.7,956.6,811.1,1554,1022,1435,82.5,62.0,107.0,193.3,185.1,314.1,490.9,710.6,114.9,292.6,340.7,514.6,202.7,389.6,405.5,531.1,609.1,910.0,852.8,1043,288.1,334.6,298.4,654.5,472.2,950.5,838.4,1755,585.2,981.8,932.7,1604,383.6,862.6,728.0,1139,1507,2407,1889,1889,606.6,820.0,838.4,1243,910.0,1755,1798,1963,1223,1865,1213,1842,1073,1735,1492,2368,1755,2368,2407,2296,trifecta
2019-11-18,下　関,1,28.0,20.8,135.8,28.8,35.5,15.7,153.9,26.6,19.9,13.1,76.4,11.1,528.6,553.0,210.6,400.2,26.3,22.1,13.2,120.7,96.7,77.3,338.9,114.3,102.1,78.0,266.0,157.1,95.8,94.8,360.7,153.1,1077,1091,509.4,1135,161.3,266.0,186.8,556.6,92.3,42.4,220.0,65.1,118.0,85.8,303.4,153.1,43.1,81.6,178.8,60.6,600.4,575.7,396.5,651.6,116.7,174.7,107.2,545.8,52.4,30.7,141.0,25.6,95.7,115.3,382.0,127.9,46.2,96.1,211.2,61.7,298.0,435.5,414.0,512.5,45.5,125.0,76.2,347.3,1424,1378,1050,1200,1586,1648,1183,2050,1616,1910,1091,1528,604.7,1106,1077,1751,832.2,1715,1788,1954,90.9,70.5,43.6,318.4,165.8,276.5,196.4,661.9,139.4,261.0,133.8,866.6,69.5,190.1,121.4,596.1,923.7,1501,1648,1355,trifecta
2019-11-18,若　松,1,18.7,23.1,28.5,84.1,33.2,29.1,33.8,137.8,39.2,47.8,50.3,109.4,44.8,51.4,60.9,107.1,214.1,364.3,282.2,259.6,37.0,31.6,28.3,70.6,70.7,60.8,44.1,124.0,63.4,69.2,43.6,116.9,44.1,43.1,43.1,54.6,197.0,212.6,212.1,122.3,114.0,84.1,76.9,246.0,133.5,99.8,79.3,209.3,124.1,120.0,70.6,207.5,120.0,95.4,86.0,199.5,552.9,400.0,423.4,410.4,91.9,124.6,80.0,175.7,115.3,127.8,73.4,179.0,163.4,142.8,88.1,248.0,84.1,67.9,74.6,93.7,340.5,240.4,298.4,198.7,69.5,83.9,87.1,107.4,65.0,58.7,59.2,64.9,118.9,83.1,91.1,145.2,96.3,72.6,81.4,95.1,155.3,98.8,160.6,141.5,391.6,701.5,606.4,408.7,408.7,463.0,423.4,250.6,959.1,573.1,566.2,549.7,740.1,505.3,681.1,470.0,437.2,258.2,482.0,390.0,trifecta
2019-11-18,大　村,1,10.2,4.4,6.3,58.0,20.5,25.4,26.7,171.1,9.6,28.2,15.6,98.6,18.4,48.4,28.2,118.1,183.8,417.6,292.7,336.4,48.5,19.1,26.7,138.6,207.4,263.2,288.3,781.3,71.1,230.1,97.0,515.3,109.1,318.7,152.1,734.0,587.2,1642,1327,1614,155.0,196.1,163.6,576.7,297.2,408.8,520.9,1030,400.3,556.8,668.1,1258,353.6,502.0,621.0,821.0,1937,1977,1977,1562,87.6,256.9,89.2,408.8,138.4,444.4,195.3,800.7,457.0,621.0,959.2,1562,163.9,196.9,650.2,547.3,922.7,1242,2153,1226,124.8,244.6,171.7,434.4,183.1,544.3,305.6,842.5,430.6,734.0,1041,1384,264.0,302.7,880.8,807.4,988.6,1424,2061,1327,576.7,1588,872.8,922.7,787.7,2153,1761,1761,2936,2768,3229,2768,1513,2306,3460,1562,1404,2484,3229,1513,trifecta
2019-11-18,戸　田,2,32.2,17.2,113.0,34.3,48.3,31.8,139.7,62.2,14.6,27.0,70.1,16.4,261.6,347.9,269.3,340.6,59.5,91.1,37.5,232.4,79.9,35.5,175.4,63.2,136.9,82.9,237.9,113.2,45.5,73.1,167.8,37.5,471.6,616.0,461.4,557.3,125.4,186.8,75.2,392.5,125.9,74.4,216.0,143.0,180.5,121.9,373.1,174.4,89.1,108.7,197.4,87.2,596.0,550.2,454.9,621.9,224.3,306.5,152.9,598.8,19.5,42.0,57.0,16.7,33.5,74.3,120.3,29.5,77.5,102.1,171.4,74.2,115.9,159.9,209.3,89.7,21.5,25.3,59.6,65.5,585.2,1081,598.8,820.0,820.0,1109,510.9,785.0,1327,1139,975.3,1170,540.9,744.2,825.3,388.9,1181,894.0,1192,525.5,113.7,207.6,66.9,525.5,156.8,308.7,100.5,634.2,337.0,424.9,214.5,946.6,57.4,70.8,152.3,247.1,1038,804.6,1287,523.3,trifecta
2019-11-18,江戸川,2,10.9,10.6,8.8,31.9,28.4,48.7,39.3,109.5,19.9,44.5,24.8,58.7,19.2,40.9,34.6,57.9,89.3,182.4,147.5,127.2,24.7,29.3,19.7,58.1,77.5,174.8,116.3,256.3,91.7,183.6,121.6,270.3,52.1,114.7,129.0,167.5,258.6,529.3,529.3,387.9,123.6,223.0,165.3,429.1,141.0,248.4,235.5,403.1,342.2,371.4,458.6,572.1,226.5,268.4,519.6,622.4,760.3,750.2,952.0,1110,48.9,111.0,43.1,98.9,77.7,234.5,102.1,244.1,300.5,354.0,398.9,549.9,53.0,74.3,186.3,114.8,182.4,261.0,351.8,202.6,58.6,124.7,93.9,126.8,81.9,197.3,207.4,217.8,232.6,325.5,686.6,566.4,110.3,169.5,427.5,226.1,217.4,255.7,499.0,333.2,307.8,726.2,499.0,419.5,416.5,976.6,960.0,735.6,1099,1058,1244,1798,703.6,968.2,1231,686.6,503.5,572.1,1287,735.6,trifecta
2019-11-18,平和島,2,34.6,17.4,10.7,31.5,84.1,126.4,146.5,269.6,40.9,142.7,41.1,85.5,19.6,86.7,34.3,32.4,92.2,268.5,143.0,68.6,65.6,23.5,13.8,37.5,197.9,236.5,159.4,354.1,73.3,191.5,41.3,112.5,21.1,98.2,32.2,29.1,119.5,404.4,149.5,73.7,219.8,414.6,329.2,569.7,366.0,595.6,334.2,648.7,642.3,555.2,504.0,661.8,439.7,336.0,564.8,606.6,753.1,910.0,1023,897.5,109.3,313.5,89.0,193.8,136.7,433.9,85.5,185.0,712.1,642.3,579.8,595.6,91.8,64.5,263.1,69.3,277.6,197.9,433.9,172.8,32.0,126.7,56.3,35.9,32.9,142.4,53.6,40.1,368.1,330.9,492.6,428.2,87.2,68.1,321.1,70.7,68.8,60.5,197.3,96.9,225.9,520.0,439.7,208.6,225.1,532.7,406.9,185.0,840.0,1110,949.5,992.7,704.5,500.1,1110,330.9,192.7,171.5,461.4,270.7,trifecta
2019-11-18,常　滑,2,24.3,50.6,50.8,177.2,12.8,20.2,12.1,59.1,81.1,56.2,87.7,200.5,55.2,34.7,59.3,138.5,418.8,255.8,221.9,265.0,58.8,137.7,103.2,335.1,69.2,119.1,73.0,238.2,192.3,170.3,198.2,447.7,195.2,119.6,236.1,436.4,998.8,546.7,824.4,665.9,15.0,20.4,11.2,47.5,28.5,52.0,29.4,97.2,49.3,79.1,48.0,126.3,19.5,26.7,33.9,52.0,129.2,193.0,144.6,119.1,187.5,140.7,188.1,504.2,249.7,216.4,300.2,674.5,141.5,174.8,155.0,320.6,257.1,253.3,206.1,490.0,775.2,851.5,625.8,787.0,143.0,67.4,188.1,232.9,192.3,121.6,259.7,373.6,73.3,91.9,134.2,171.4,254.6,242.7,203.6,335.1,408.9,494.6,335.1,443.9,1060,552.5,763.8,865.7,1331,911.2,1331,1082,472.2,633.4,447.7,455.6,1442,1623,787.0,911.2,752.7,837.7,564.5,701.9,trifecta
2019-11-18,尼　崎,2,47.6,22.5,143.2,24.0,73.3,62.3,275.2,67.8,28.2,59.9,127.3,20.2,412.8,580.6,328.2,194.9,37.7,69.7,27.7,105.4,133.7,64.5,268.2,70.8,275.2,115.1,444.0,121.1,78.1,77.1,109.6,24.0,765.8,629.0,285.6,270.9,70.0,92.0,26.5,118.4,303.6,290.3,480.3,349.9,349.9,243.5,580.6,235.9,374.7,254.0,480.3,173.2,574.3,1288,1078,1288,318.3,213.9,166.1,471.8,64.4,143.5,155.8,33.0,74.6,100.4,91.5,24.7,241.2,177.9,257.7,90.6,324.1,203.2,364.4,84.1,22.7,15.3,40.1,26.9,704.5,960.7,621.6,544.7,852.3,1100,668.8,528.4,1258,1428,1124,1467,852.3,644.4,997.0,284.1,498.5,433.1,838.7,260.3,57.0,104.8,39.3,146.3,76.3,92.0,31.8,119.5,249.2,173.2,100.8,347.6,27.0,19.3,44.0,39.2,298.5,248.0,426.1,133.4,trifecta
2019-11-18,鳴　門,2,9.5,5.3,60.3,16.5,26.6,32.3,161.6,82.0,12.8,34.9,122.7,32.0,293.9,449.1,446.4,472.6,69.0,177.6,89.7,457.7,16.6,7.7,77.7,22.3,64.6,78.3,327.2,141.7,20.4,56.8,162.8,33.2,427.9,695.3,564.9,605.1,90.2,234.4,79.7,402.8,108.2,126.4,497.0,284.7,133.5,164.3,737.9,286.9,186.6,202.5,887.3,311.7,1326,1491,1589,1417,669.6,618.0,610.2,1257,38.2,131.8,234.7,64.1,40.6,122.6,221.8,54.8,247.6,223.8,719.5,284.1,420.4,366.1,628.8,330.2,110.8,95.4,251.1,327.9,1104,1721,1721,1742,1195,2066,1185,2191,1954,2191,2493,2295,1572,1314,2259,1475,2259,2158,1981,2066,345.1,871.2,388.8,1538,369.9,845.8,274.4,1625,1555,1268,1112,2678,408.5,281.3,898.3,1268,2582,2493,2037,2066,trifecta
2019-11-18,児　島,2,8.1,13.8,23.7,135.8,9.7,9.3,18.4,112.9,21.4,21.0,47.7,244.9,50.2,56.5,85.9,259.1,526.0,380.5,696.7,670.6,30.8,38.0,60.0,306.5,52.9,61.1,89.2,510.9,106.0,103.7,190.2,616.7,192.9,163.0,249.5,609.6,993.5,879.5,1219,777.5,25.3,25.9,33.7,201.7,46.6,59.3,61.5,515.8,43.7,51.9,54.3,266.9,88.1,81.5,106.8,506.1,725.0,687.8,1052,1490,75.4,69.3,69.4,470.6,134.1,146.1,164.0,812.9,89.4,123.9,104.9,436.2,107.9,126.5,123.6,341.7,1094,1532,1192,1031,204.0,185.6,219.8,825.4,298.0,260.4,370.0,958.0,268.2,288.4,313.7,1308,244.9,310.1,282.3,662.3,1247,1247,1375,1450,1730,1676,2146,1987,2235,2980,2682,2146,2823,2332,1532,2063,3832,3576,4127,1850,2332,2235,2823,2235,trifecta
2019-11-18,徳　山,2,6.2,12.6,30.0,9.6,7.3,12.4,32.9,10.1,30.1,32.0,81.7,36.2,101.7,116.7,179.0,97.4,26.0,24.6,58.3,86.4,43.1,83.6,152.5,59.2,106.9,275.0,468.6,184.5,332.7,496.5,740.3,510.7,568.7,1009,926.8,993.0,196.4,320.0,665.5,933.7,52.5,71.4,123.2,48.8,113.0,302.2,514.9,163.5,186.7,342.8,399.7,211.3,544.0,791.9,767.6,472.1,126.3,235.6,313.5,481.2,169.0,190.1,218.3,141.0,335.4,496.5,595.8,419.8,301.5,488.7,566.1,386.1,266.2,388.5,521.3,231.2,217.6,333.6,336.3,299.3,472.1,579.2,546.3,407.5,913.3,1390,875.0,1289,1042,1604,1454,1303,593.0,762.9,969.9,517.0,610.3,955.1,744.7,648.3,154.0,125.3,265.0,408.9,292.3,492.6,1009,1360,193.6,458.3,475.7,812.5,498.5,1097,723.2,753.7,665.5,1507,993.0,839.7,trifecta
2019-11-18,下　関,2,9.7,16.7,20.5,15.7,12.9,21.0,18.9,16.2,39.2,46.8,44.7,52.9,36.5,38.8,58.0,35.2,34.5,36.7,64.5,52.6,37.4,62.0,66.2,61.3,73.7,186.4,143.4,143.4,185.9,207.9,236.4,230.5,185.9,218.9,251.7,240.3,148.6,225.6,299.6,344.2,56.7,83.8,60.8,56.8,88.3,167.8,166.7,132.8,176.6,261.5,216.4,245.1,133.3,183.2,227.0,130.5,106.3,161.6,235.7,156.1,183.6,215.1,181.8,214.5,266.2,420.5,359.3,385.5,326.0,465.5,342.6,462.6,270.1,296.0,440.5,293.7,413.5,366.4,565.0,377.6,146.5,151.0,194.2,119.0,229.8,334.9,273.1,271.1,205.0,308.4,430.3,265.3,232.7,297.2,552.3,278.2,182.7,284.6,300.8,269.1,131.0,140.9,288.0,193.7,181.8,314.9,448.6,345.8,189.3,359.3,510.4,260.6,578.2,565.0,813.4,490.2,288.0,402.2,400.1,503.5,trifecta
2019-11-18,若　松,2,9.4,12.1,110.8,27.7,13.7,18.5,116.8,34.3,23.5,31.5,223.3,52.3,318.4,311.5,436.4,355.3,68.1,86.9,101.1,273.8,16.4,19.5,167.6,39.4,28.4,38.1,233.6,61.3,42.3,46.1,262.1,77.3,488.5,469.8,491.3,527.5,111.0,111.6,133.3,459.8,27.4,39.6,142.1,57.9,35.6,47.2,282.8,73.6,64.5,58.4,240.8,94.9,372.2,421.4,573.2,505.7,140.2,122.1,157.7,377.1,70.3,102.7,260.5,131.6,73.7,95.3,337.1,132.8,123.0,109.5,423.5,167.2,443.2,436.4,508.7,480.3,143.5,139.5,170.2,364.3,565.6,480.3,641.6,636.9,728.6,868.5,597.1,977.0,699.0,774.6,1088,1011,934.6,803.5,1131,877.3,767.7,716.5,803.5,803.5,115.5,164.7,174.4,328.1,145.2,205.2,258.2,534.0,205.7,213.8,294.4,614.1,227.4,245.6,307.0,491.3,405.5,452.5,521.1,517.9,trifecta
2019-11-18,大　村,2,19.4,11.4,29.5,15.2,30.7,21.2,39.9,27.0,15.4,21.4,21.8,11.4,55.5,65.9,39.2,32.3,27.4,40.5,20.7,36.6,90.8,64.2,119.7,59.5,273.4,393.1,632.9,413.7,152.8,384.7,423.3,169.6,481.3,1082,715.2,467.1,165.2,494.5,222.0,468.8,210.9,159.8,218.2,200.9,336.6,516.7,1020,662.8,235.7,552.8,439.5,376.7,520.9,873.0,806.3,959.0,409.6,767.2,485.0,1037,74.6,117.4,67.4,42.1,179.8,413.7,348.7,188.9,258.3,575.4,575.4,383.6,100.7,234.8,352.6,76.4,58.3,123.0,190.3,73.3,299.9,327.9,184.0,144.3,572.8,1172,891.5,605.7,617.5,1391,1161,930.8,195.6,506.3,608.6,129.0,159.6,380.1,457.0,142.0,89.2,149.6,64.8,111.0,178.5,684.3,274.6,578.0,337.5,1100,632.9,910.7,84.6,209.5,347.7,121.2,151.2,436.5,488.7,141.9,trifecta
2019-11-18,戸　田,3,16.2,16.3,8.9,31.0,36.5,55.5,36.6,101.9,32.8,64.1,36.3,97.4,13.8,32.7,35.3,35.5,94.3,207.5,193.0,105.5,32.9,30.6,13.7,43.8,102.6,178.5,87.5,206.1,96.0,210.8,87.8,160.7,26.5,73.1,73.0,51.6,120.9,344.6,251.6,114.8,142.1,222.7,138.8,435.1,201.4,353.9,206.9,448.7,415.5,548.8,432.7,612.8,237.5,219.6,431.5,436.3,1086,750.0,948.8,811.9,115.8,261.2,106.2,248.4,170.4,328.8,157.5,301.7,483.1,622.5,532.1,722.5,119.7,132.9,273.4,137.5,500.0,438.7,608.1,311.2,30.1,94.8,74.4,71.4,38.5,103.1,92.3,78.5,227.9,213.7,380.4,400.7,139.2,134.0,258.6,142.4,119.2,102.0,305.8,216.6,297.1,879.9,687.8,311.2,375.9,894.9,673.1,340.1,1250,1445,1640,1166,1093,829.0,1323,541.2,330.9,314.3,851.4,438.7,trifecta
2019-11-18,江戸川,3,33.1,53.3,56.2,154.8,47.0,62.5,45.4,149.8,89.4,97.1,118.8,234.2,101.3,76.3,140.1,252.8,442.8,421.8,601.4,523.6,40.2,55.0,54.7,158.9,38.9,17.6,13.3,60.7,76.9,26.3,29.6,93.2,72.0,19.5,30.4,83.5,438.5,207.5,224.7,194.3,65.6,91.5,67.7,227.0,55.0,23.9,18.1,82.5,119.9,47.4,51.8,134.2,74.3,28.4,48.2,98.0,430.0,273.0,321.3,264.9,185.4,193.9,174.5,366.3,139.3,57.8,58.4,153.4,181.2,79.4,99.1,228.8,200.4,78.9,110.8,119.8,517.5,258.7,390.4,223.6,202.7,176.6,289.9,395.6,152.9,41.7,69.0,125.7,139.7,48.8,111.4,175.2,329.6,99.7,135.0,146.1,366.3,200.4,238.6,189.8,946.9,767.3,957.1,872.7,1126,626.8,520.5,542.7,927.2,767.3,654.5,640.4,1290,563.4,787.7,367.8,1000,536.2,622.5,346.3,trifecta
2019-11-18,平和島,3,49.5,36.3,50.0,55.4,112.3,172.7,214.6,266.9,81.7,191.4,135.1,174.8,120.9,254.1,198.6,227.0,81.6,175.2,144.3,170.0,41.0,24.5,32.9,53.6,54.4,19.5,23.3,57.4,27.7,16.2,11.6,27.5,48.4,34.9,19.6,52.5,85.5,69.9,44.7,62.3,253.3,305.2,299.1,451.3,179.4,71.0,83.1,171.6,254.1,99.0,136.9,216.5,332.4,146.6,195.9,400.4,539.6,265.9,361.5,428.0,108.0,245.7,149.2,168.1,76.4,60.7,40.1,81.1,232.7,90.6,120.5,225.6,145.1,60.5,140.7,148.6,184.8,125.1,251.6,181.6,135.1,323.8,233.4,258.5,105.3,82.0,53.0,108.7,379.9,159.4,242.5,513.6,230.5,77.3,188.0,243.3,314.2,164.0,438.0,287.5,160.1,356.3,185.2,264.1,151.0,168.8,104.4,138.9,709.3,310.3,376.1,468.4,225.6,164.7,389.9,297.9,396.1,243.3,581.8,372.3,trifecta
2019-11-18,常　滑,3,8.7,30.8,43.2,30.0,11.5,28.9,37.3,30.8,72.3,66.5,256.2,151.4,155.8,129.9,356.2,137.3,83.4,94.6,203.2,198.2,10.2,36.1,45.3,33.1,16.2,21.8,36.7,24.2,119.3,61.9,198.8,104.0,196.4,144.7,314.7,169.2,121.4,65.0,148.6,259.3,28.0,57.5,76.5,60.7,31.8,42.2,71.3,39.9,112.7,83.0,205.1,101.7,213.2,183.1,290.7,224.3,161.2,103.7,156.9,283.1,261.4,241.9,354.2,219.0,246.5,158.1,426.5,173.8,249.3,181.6,410.3,155.1,494.9,668.3,736.7,293.3,506.5,283.1,279.4,654.8,568.7,453.3,1178,578.8,682.4,350.4,1178,661.5,506.5,466.4,967.6,712.4,1223,1080,982.3,926.1,876.1,1045,689.7,1271,200.1,231.5,661.5,563.7,237.4,130.4,364.2,697.1,298.7,171.0,358.1,762.7,1246,549.4,494.9,1409,841.9,888.1,1045,1706,trifecta
2019-11-18,尼　崎,3,16.2,18.2,22.9,7.4,37.3,58.0,65.3,27.2,40.1,67.4,94.0,29.8,52.7,95.9,131.0,36.1,9.1,23.6,26.7,23.1,56.3,61.4,58.2,19.3,193.5,318.5,286.7,130.6,180.6,350.1,286.7,117.3,204.7,527.2,432.7,142.9,37.7,114.4,111.0,89.7,202.9,320.8,305.8,165.0,294.0,344.9,509.7,182.7,655.3,664.8,764.5,684.6,366.9,445.3,674.6,504.1,234.0,318.5,482.8,504.1,221.6,318.5,271.4,142.0,225.9,454.2,664.8,250.6,716.7,955.7,1176,764.5,611.6,834.0,637.1,385.5,162.1,216.3,436.9,279.7,223.7,417.0,463.3,137.3,294.0,1274,899.5,273.0,705.7,882.2,1019,619.9,790.9,684.6,1118,458.7,137.3,198.5,628.4,339.8,24.2,70.5,82.0,57.8,43.2,138.1,146.5,106.1,199.4,249.3,477.8,472.9,170.5,244.0,674.6,309.9,115.2,156.5,566.3,316.3,trifecta
2019-11-18,鳴　門,3,52.1,71.9,179.9,256.5,29.1,4.3,7.5,21.0,80.3,14.1,34.2,68.0,244.6,38.4,69.7,140.9,520.3,123.7,233.0,278.8,422.1,588.7,1172,1407,645.2,1086,1492,2547,803.0,1163,1919,2841,2592,2686,3436,3888,3015,4104,4477,4766,64.2,7.4,12.1,29.1,276.2,316.4,541.2,798.7,17.6,141.2,24.4,41.6,45.5,297.9,51.2,87.6,131.2,623.4,134.0,176.9,292.0,59.1,110.9,168.4,825.5,972.1,1420,1679,60.9,366.6,86.1,124.8,180.2,668.6,158.0,251.3,509.5,1086,369.4,502.6,1012,193.9,312.4,461.7,1824,2308,1870,2422,218.5,1434,267.2,492.5,395.0,1539,318.4,591.0,884.8,2024,816.3,1078,2081,665.6,1507,1679,3888,3436,4766,6156,998.4,2345,750.0,1163,1944,5683,953.3,1996,2238,5472,1394,1970,trifecta
2019-11-18,児　島,3,7.3,15.1,14.7,54.7,6.9,7.6,8.7,40.2,28.1,20.2,37.0,109.0,28.9,21.9,48.3,69.0,159.0,145.3,285.9,181.4,53.2,92.1,86.7,224.8,113.6,279.4,299.7,553.9,328.2,380.6,574.5,838.4,369.3,521.4,738.6,756.6,805.8,1107,1193,873.9,31.8,30.2,33.7,92.4,90.3,147.7,193.8,392.7,79.9,134.8,135.4,270.9,95.9,204.7,181.9,302.6,430.8,553.9,484.7,521.4,260.7,179.8,220.8,496.3,413.6,500.3,1069,1590,228.9,512.7,653.1,969.4,440.0,713.1,729.9,805.8,1193,2139,1880,2068,178.2,123.1,292.6,267.4,410.9,564.0,816.4,660.0,210.3,484.7,512.7,549.0,553.9,886.3,756.6,805.8,608.3,969.4,912.4,1442,1216,1149,1676,838.4,1938,3877,9999,2481,1513,4772,1824,2481,2820,5170,2820,3649,1170,2215,1723,2697,trifecta
2019-11-18,徳　山,3,34.7,22.6,64.7,362.6,34.5,8.9,26.7,321.6,12.7,5.4,6.0,66.1,77.4,40.8,24.2,315.5,1053,983.8,486.5,1029,318.5,225.6,462.9,1379,739.2,922.7,1503,4460,367.5,815.8,755.9,3041,962.6,1784,1070,3935,3185,2389,4181,7042,285.9,72.0,150.8,1163,679.2,868.8,1173,2973,95.3,433.0,187.9,962.6,336.1,874.5,350.2,1715,3111,4316,2623,3430,25.1,14.2,9.7,68.1,108.2,210.7,172.2,518.6,51.8,194.4,93.5,528.8,20.5,63.1,50.6,108.4,373.7,852.2,922.7,550.6,255.8,203.3,83.3,493.7,628.1,1079,600.0,1967,440.1,935.6,373.7,1858,80.9,273.6,223.3,403.0,1520,2123,2347,1365,2123,3935,1715,3111,4181,6690,6082,7870,6082,7870,4181,3935,1808,4613,3430,2787,4181,6690,7433,3111,trifecta
2019-11-18,下　関,3,19.0,42.2,250.6,22.2,15.1,17.9,139.3,7.4,58.0,45.7,364.8,42.6,575.7,509.3,789.5,443.9,23.8,11.7,38.5,233.2,68.3,131.2,751.9,64.8,108.9,188.3,699.6,72.0,331.9,300.3,1649,235.6,2351,1782,3070,2009,105.0,90.7,225.5,1023,41.8,36.5,179.7,13.4,79.0,143.1,500.1,53.6,80.9,155.6,587.9,47.4,732.0,1214,1188,806.8,17.6,35.3,34.4,245.0,295.5,196.6,952.9,162.5,331.9,412.4,1435,267.6,205.4,354.2,1602,122.9,1700,2085,2834,2047,140.6,178.5,108.7,856.8,1812,1188,2210,1973,4094,4251,2987,7369,1556,2125,2987,2512,1163,4251,6141,3565,1782,3070,2085,2125,58.7,25.5,84.2,315.8,95.3,84.6,200.6,631.6,27.6,57.1,64.5,311.3,164.9,215.8,116.2,801.0,801.0,1364,1201,1493,trifecta
2019-11-18,若　松,3,20.6,32.0,31.8,339.9,16.9,15.3,11.1,178.6,37.4,28.8,33.8,199.1,40.1,21.3,44.8,294.3,694.3,709.3,758.4,864.9,65.7,92.9,75.8,628.0,98.7,107.8,94.2,814.8,166.8,148.7,167.6,1202,151.9,140.2,219.1,1016,1565,1408,2054,1540,41.1,26.9,18.8,279.3,74.4,70.7,66.2,550.8,40.8,61.8,30.5,339.9,29.5,54.1,36.6,267.9,985.9,857.3,828.5,976.2,87.8,58.9,54.5,428.6,114.7,114.5,111.2,657.3,66.3,86.6,50.4,527.2,54.4,84.1,53.7,282.5,814.8,1071,896.3,828.5,78.0,41.0,65.3,328.6,125.7,131.8,170.5,758.4,46.2,97.1,69.2,362.4,76.4,127.2,73.5,382.1,828.5,788.7,835.5,872.5,1971,1971,2240,1590,2594,2054,2664,2528,2404,1699,1792,2097,2143,3651,2664,1792,2191,2054,1408,1540,trifecta
2019-11-18,大　村,3,49.8,23.3,85.6,13.5,105.2,114.1,244.3,83.7,44.6,113.9,158.6,33.0,297.0,598.7,439.8,247.4,9.1,37.2,14.9,60.2,117.1,45.3,138.9,29.4,233.4,172.9,407.5,148.9,78.5,156.1,157.4,38.9,515.9,801.6,491.1,339.7,33.8,87.5,31.6,129.5,340.9,297.5,629.8,232.3,421.7,331.6,798.3,254.9,316.9,297.0,315.4,193.6,1259,1204,808.3,791.8,244.0,251.2,227.4,541.8,116.8,306.9,299.8,82.6,135.7,280.3,311.8,56.8,378.8,327.1,420.8,218.7,454.3,460.7,593.2,284.8,74.4,50.0,167.6,179.4,919.4,1747,1284,1015,979.7,1979,1276,889.8,2179,2255,1416,1920,1319,1204,1197,779.0,974.8,496.1,1310,754.8,12.8,41.7,18.4,70.7,21.1,53.4,18.3,89.5,133.5,115.1,122.4,295.2,40.2,26.3,101.5,125.1,330.4,300.7,563.9,365.3,trifecta
2019-11-18,戸　田,4,11.8,7.5,28.3,68.6,19.5,18.6,49.8,111.9,14.4,22.0,36.8,87.0,83.5,125.1,99.0,254.1,304.6,429.7,352.2,460.8,22.1,15.7,41.9,96.7,47.7,37.7,98.5,197.2,31.8,41.7,57.9,161.5,128.0,175.6,103.5,254.5,322.2,635.3,335.6,371.3,47.5,41.7,89.4,192.7,62.7,46.3,103.5,209.2,64.5,58.3,106.1,211.7,240.4,166.8,182.6,381.7,642.2,531.0,475.6,723.1,42.2,73.5,76.2,183.0,51.4,70.7,81.1,224.3,120.2,99.4,188.0,333.1,120.7,106.9,211.7,234.6,520.1,615.5,676.4,605.0,252.6,408.0,255.2,585.1,302.0,374.5,267.1,573.8,499.7,387.5,492.7,889.4,271.5,240.0,457.3,527.8,936.2,714.4,1279,1022,843.1,1662,1218,1458,1022,1678,1210,1400,1617,1954,1411,2068,1337,1470,1853,1546,1470,1202,2310,1710,trifecta
2019-11-18,江戸川,4,94.6,59.5,173.9,76.7,151.9,106.2,240.2,166.0,57.4,84.7,95.2,36.2,323.5,349.1,260.0,264.2,108.6,175.4,54.2,182.4,167.5,93.2,242.6,107.8,214.1,107.3,238.3,134.8,79.0,79.6,54.2,25.4,420.8,367.6,151.0,158.7,134.0,132.0,41.9,114.1,282.7,202.7,401.1,311.7,280.5,150.7,345.0,206.5,195.9,156.9,196.2,89.1,638.6,468.1,374.3,395.6,315.8,235.2,127.8,348.3,63.8,102.1,76.5,34.5,60.6,72.1,37.1,18.1,145.6,120.5,135.7,57.7,85.2,47.1,115.7,20.3,24.5,13.2,30.8,13.7,596.7,746.7,438.5,416.0,644.2,604.1,253.6,282.7,898.8,717.2,547.3,564.3,322.8,141.3,373.3,66.3,380.1,221.9,433.3,84.0,100.3,175.4,65.4,187.6,115.5,148.4,43.5,135.8,269.1,217.3,111.1,294.7,42.2,26.7,52.2,30.2,266.1,170.1,277.3,63.4,trifecta
2019-11-18,平和島,4,72.8,259.3,150.9,130.6,37.0,75.2,24.2,30.6,518.6,269.1,454.3,572.5,190.8,72.6,326.9,132.4,98.4,48.4,223.6,92.4,148.9,332.4,273.6,234.7,118.6,247.0,93.8,120.7,460.7,569.2,811.9,900.5,370.9,176.8,615.2,327.9,350.0,186.1,846.6,360.2,27.7,38.3,11.1,18.0,48.7,78.6,31.4,47.1,67.4,100.0,36.6,66.4,12.0,21.9,22.1,12.1,25.0,34.2,55.9,16.8,440.2,425.1,547.2,425.1,1253,664.8,961.7,980.7,417.9,502.8,278.2,425.1,728.3,908.7,379.5,673.8,1010,1356,596.7,868.9,324.7,111.5,452.3,203.3,487.9,223.6,861.3,366.8,70.2,113.0,134.2,74.6,575.9,756.1,326.9,487.9,192.7,269.9,120.2,393.0,169.6,83.3,407.6,139.5,230.3,167.6,733.7,311.4,63.7,83.4,170.1,53.0,952.4,702.5,456.4,596.7,201.7,254.6,106.3,428.8,trifecta
2019-11-18,常　滑,4,10.0,13.2,30.4,130.9,10.0,6.8,17.3,88.1,15.3,11.3,23.6,107.6,56.1,39.4,50.6,158.9,562.5,436.7,405.7,350.2,49.4,48.0,94.7,305.5,99.3,135.0,242.6,491.7,106.3,170.2,244.2,447.2,269.0,441.9,424.2,713.9,990.0,1280,1108,1455,43.7,22.6,51.0,173.0,99.3,110.8,224.3,419.4,41.0,90.1,77.6,202.3,130.4,256.0,149.0,360.4,645.6,939.8,589.2,853.4,62.4,46.4,71.6,229.8,108.0,186.0,250.0,426.7,69.1,152.7,130.2,282.3,93.1,171.0,168.3,270.9,308.0,475.9,566.7,618.7,194.8,155.0,188.9,491.7,348.5,623.9,550.0,939.8,239.5,475.9,304.3,742.5,240.2,414.8,328.5,651.3,916.6,905.4,1076,1237,1031,990.0,905.4,2006,1515,2121,1515,1856,1302,1903,1400,1953,1108,1687,2062,2062,1546,1178,1579,2183,trifecta
2019-11-18,尼　崎,4,13.0,19.2,52.2,24.9,11.3,6.9,22.6,9.1,26.7,14.9,54.2,21.0,111.9,81.1,107.3,90.2,44.5,28.8,41.5,92.8,118.9,146.6,280.3,161.0,248.2,401.0,738.5,599.6,380.8,555.6,1636,818.3,917.5,1345,1636,1235,346.0,1142,992.8,1441,48.8,26.0,46.4,26.6,158.9,174.0,362.6,227.6,62.5,167.7,171.0,72.1,228.5,371.5,356.2,281.6,80.8,263.3,124.3,276.5,140.5,74.5,184.0,88.5,270.3,395.8,729.6,409.1,96.4,329.1,342.1,149.1,455.3,796.8,720.9,380.8,155.2,423.5,201.1,390.7,393.2,340.2,488.3,409.1,680.4,1009,1121,1164,587.9,852.9,1142,729.6,917.5,1376,1345,1081,766.5,380.8,796.8,903.8,161.0,92.1,153.7,423.5,317.0,720.9,680.4,1062,125.6,624.3,217.8,605.6,219.4,672.9,287.0,766.5,931.7,877.6,976.7,1081,trifecta
2019-11-18,鳴　門,4,8.8,20.1,9.8,83.4,12.2,20.4,11.9,90.4,40.3,39.6,41.1,188.3,18.5,19.1,49.9,91.9,270.5,347.1,456.0,251.0,26.0,51.2,27.5,125.0,66.2,141.4,85.2,301.1,165.5,216.4,193.9,592.0,70.5,104.7,199.1,329.6,482.7,784.4,1045,679.2,42.3,53.8,34.8,147.4,74.1,152.9,99.9,382.6,116.3,167.6,100.8,293.8,55.4,84.2,93.5,140.5,468.3,723.0,691.1,415.0,192.7,193.2,142.3,496.5,277.2,387.4,285.7,901.7,243.6,375.3,199.6,574.7,186.1,262.3,232.4,370.0,999.3,1508,993.0,862.0,50.2,51.7,96.2,164.4,87.0,143.6,264.5,315.6,80.1,140.2,183.5,230.7,184.1,299.9,233.1,424.0,307.0,434.6,339.6,546.6,736.6,1136,1803,956.6,945.1,1705,2307,1523,1162,2179,2064,928.3,2572,3076,2377,1762,1104,1762,928.3,1937,trifecta
2019-11-18,児　島,4,4.4,7.1,14.1,33.7,6.6,9.1,14.5,36.8,15.9,16.9,33.0,47.6,46.5,42.7,67.8,89.9,127.4,127.1,150.8,205.3,48.5,66.4,88.0,175.9,117.2,283.1,311.3,681.1,233.2,432.7,694.9,849.3,319.9,642.9,982.8,942.4,731.9,969.0,1764,1599,74.8,76.3,90.8,214.9,142.4,295.2,382.2,637.0,181.5,464.8,351.0,608.8,222.6,471.2,464.8,882.0,917.3,893.5,739.7,1323,198.2,216.3,278.5,409.5,367.9,849.3,1026,1323,342.2,893.5,781.8,1011,764.4,969.0,1127,1011,997.0,1810,1638,1810,296.5,315.5,404.7,559.3,529.2,1074,1375,1298,435.4,1042,1058,1166,773.0,1026,1375,1127,1146,1528,2219,2293,1058,1146,1074,1678,1528,2548,3439,3621,1026,3621,1563,2372,1965,3822,1404,3276,2751,4047,2991,4299,trifecta
2019-11-18,徳　山,4,6.1,5.0,7.1,86.6,11.6,14.1,16.9,217.6,8.2,16.9,14.6,160.8,15.7,28.1,26.0,182.6,328.3,528.8,577.2,500.2,93.7,71.0,92.3,391.0,358.1,753.9,816.5,1712,275.4,729.5,606.0,1731,341.8,900.4,842.6,2317,1770,2814,3089,3216,219.7,199.4,212.9,1324,423.6,816.5,921.5,2670,481.9,997.3,791.8,2424,509.9,1109,1133,3581,2814,3664,5083,2158,83.6,154.6,82.9,508.3,217.9,632.8,416.8,1141,489.3,1057,847.2,1346,144.8,278.9,474.6,890.3,1853,2158,2424,2541,135.0,245.0,175.0,670.5,299.0,926.9,667.7,1500,630.3,1432,1529,3939,258.7,473.2,880.3,1394,1853,2814,4259,4040,1125,1676,2583,2462,2387,4259,3664,4502,3664,5083,5433,2251,4502,4775,6566,3283,4634,6566,5836,6851,trifecta
2019-11-18,下　関,4,21.8,100.7,108.0,35.7,15.2,57.6,47.2,12.7,230.6,168.2,404.1,280.5,271.0,141.5,473.6,225.7,35.1,22.0,147.2,106.6,41.9,165.9,161.0,68.3,35.1,123.1,56.5,30.6,285.0,201.3,237.5,260.4,236.1,128.4,238.9,177.5,114.1,49.2,266.9,164.2,18.6,76.6,53.6,15.8,22.3,103.1,48.2,17.8,252.9,198.0,253.3,139.2,154.8,114.7,247.1,97.4,18.9,14.5,53.9,37.6,715.8,572.1,985.3,1036,654.2,473.6,582.5,641.0,589.0,492.6,728.9,376.4,1078,641.0,831.4,967.4,1078,858.2,544.8,1364,651.5,321.8,641.0,595.6,665.1,317.9,604.6,468.1,383.7,314.8,735.6,260.8,756.5,739.0,810.3,985.3,840.1,597.8,314.2,1173,93.5,56.4,319.2,261.6,124.3,60.3,293.4,233.3,46.8,37.4,108.0,82.2,712.6,488.1,339.6,732.2,533.8,324.4,235.0,728.9,trifecta
2019-11-18,若　松,4,38.5,54.8,105.9,112.8,27.3,9.7,24.3,22.4,55.9,19.5,52.6,45.2,204.8,93.5,133.1,150.7,211.8,88.6,131.7,227.2,88.6,123.9,212.2,205.4,115.4,102.6,179.2,166.8,181.1,135.4,255.9,263.0,634.0,424.5,479.7,541.0,487.9,405.4,505.3,698.5,49.4,13.1,30.6,25.5,100.1,84.0,140.9,124.7,17.5,57.0,23.8,22.1,74.7,179.2,60.4,72.5,69.0,171.0,54.3,93.6,133.1,43.6,89.9,78.3,198.5,175.8,252.0,249.4,39.1,107.9,47.2,43.4,130.4,239.0,93.1,100.2,149.4,293.6,95.5,145.4,582.1,220.0,330.7,368.7,880.9,570.4,638.1,819.3,219.0,430.9,152.9,233.4,346.8,519.8,174.0,247.9,504.0,721.3,320.6,368.7,583.8,227.0,425.4,642.2,696.1,679.5,774.7,1053,243.9,577.1,187.3,375.6,394.2,786.9,211.1,433.7,762.8,1192,439.5,528.1,trifecta
2019-11-18,大　村,4,9.0,3.5,52.3,78.7,16.4,12.8,81.8,153.1,5.0,9.5,32.8,63.0,190.4,276.2,176.6,526.4,315.1,581.1,353.6,806.8,41.0,18.4,177.4,289.8,167.7,161.4,694.6,882.7,40.8,118.2,306.1,518.3,838.5,1653,1087,2698,1222,2935,1641,4430,137.2,76.6,342.2,585.5,286.6,259.7,1118,1349,138.1,226.8,563.0,787.9,1357,2174,1739,3049,3049,2552,2698,3787,20.5,45.1,77.2,176.0,36.3,106.5,191.0,365.7,125.4,193.5,591.4,738.3,243.3,264.1,720.2,690.5,524.1,619.5,1210,1341,1097,1806,970.2,2371,1495,4119,2006,7337,2215,3612,3216,4048,1043,1713,3668,2762,4891,5104,5336,3727,1752,4603,1689,5336,2059,4696,4119,9030,6020,5726,3913,6179,1940,3049,4048,3354,9783,9030,6179,7115,trifecta
2019-11-18,戸　田,5,38.6,13.9,17.0,87.7,74.2,72.4,80.6,230.3,17.3,51.6,13.7,74.5,27.6,73.9,21.9,95.7,333.8,491.9,335.6,297.9,79.9,31.8,35.0,154.9,218.1,240.9,226.5,462.4,49.7,155.6,31.8,150.4,60.5,173.2,42.7,153.6,629.7,1044,534.8,405.4,242.6,239.3,233.9,544.7,314.8,331.3,351.6,616.6,361.6,437.4,308.3,519.2,392.0,385.2,363.1,680.4,1409,1398,1199,1585,30.5,98.1,20.4,103.4,46.1,135.7,29.2,127.5,288.2,303.5,225.9,438.4,18.3,20.2,97.3,37.0,258.1,264.2,460.0,121.5,57.4,161.4,40.2,130.5,73.7,225.9,50.5,162.6,385.2,399.9,334.4,665.1,32.2,33.5,153.2,59.2,278.7,236.1,599.9,163.2,1277,1216,1153,845.6,1629,1675,1009,718.9,1758,1849,1973,2089,1131,959.9,1889,322.8,837.6,675.2,1741,299.9,trifecta
2019-11-18,江戸川,5,12.8,29.9,23.6,17.6,15.2,32.6,26.4,21.1,57.9,61.1,84.7,79.7,58.4,59.5,141.8,59.6,43.7,53.5,120.5,71.9,24.6,48.3,32.8,27.0,48.1,109.1,56.9,51.8,118.6,157.4,157.4,116.0,81.2,85.2,173.5,53.8,65.2,74.5,132.2,62.8,46.1,78.0,60.6,51.7,64.0,130.0,79.7,69.9,166.3,208.2,212.6,160.1,120.4,120.3,238.7,100.6,109.9,104.7,180.6,114.7,251.4,263.9,265.5,263.4,298.5,361.3,365.3,248.5,314.1,378.9,457.6,342.6,413.2,488.0,635.8,329.7,392.4,327.3,422.5,399.5,166.7,173.1,368.3,150.1,216.8,220.7,408.1,127.5,252.3,275.5,681.6,215.7,555.6,612.2,703.4,456.0,173.5,128.8,177.7,371.4,117.7,157.6,301.2,191.1,144.5,164.2,278.4,126.1,232.8,196.5,325.7,220.7,606.6,399.5,567.5,595.7,252.3,145.9,259.3,500.9,trifecta
2019-11-18,平和島,5,14.6,23.5,36.2,37.6,11.9,5.9,8.9,10.1,25.2,10.5,21.9,20.7,58.9,25.2,44.0,51.4,77.0,31.3,52.2,89.9,160.5,212.2,337.2,270.4,324.1,499.3,728.9,1011,478.9,682.2,882.3,1066,826.4,1150,1700,1209,644.8,1485,1778,1261,91.3,49.0,64.3,69.2,263.7,406.0,523.9,724.4,103.4,324.1,209.5,155.6,176.7,480.9,327.8,397.8,211.0,690.3,344.1,458.4,176.4,85.9,109.8,126.0,439.5,715.5,674.4,792.9,153.0,564.2,317.1,300.1,184.5,514.7,365.5,206.9,280.0,820.6,462.0,381.0,372.5,191.7,260.2,282.7,938.8,1289,1607,1161,276.1,1029,690.3,882.3,364.4,1020,690.3,486.9,556.1,1289,1076,752.2,453.1,261.3,391.1,561.5,767.0,1700,1892,1700,399.1,1275,698.5,1057,550.9,1524,986.1,782.3,715.5,1364,1485,924.0,trifecta
2019-11-18,常　滑,5,40.3,30.0,60.0,166.1,31.7,9.4,23.0,110.7,23.5,11.2,17.4,96.9,72.8,48.5,37.6,185.3,434.1,411.0,422.2,320.6,134.3,76.1,153.0,384.4,251.7,218.2,419.9,878.1,124.4,212.3,172.4,508.4,275.0,449.2,252.5,1030,1431,1931,1355,1609,73.1,20.2,34.2,113.3,169.4,129.2,257.5,474.0,29.8,91.7,35.8,120.7,92.1,194.6,66.5,268.3,449.2,898.5,434.1,623.2,40.8,20.2,22.3,86.9,79.2,122.2,116.0,284.1,29.6,84.0,32.4,124.4,28.9,65.9,39.9,66.8,252.5,431.7,338.9,197.1,182.6,118.1,88.4,266.4,300.6,429.3,276.9,708.9,203.8,396.2,119.6,451.9,84.0,161.3,95.1,143.1,660.4,813.4,757.6,404.5,1486,931.0,1170,1266,1756,3219,2341,2492,1332,2414,689.9,1246,990.7,1515,839.9,649.3,1577,1405,1355,628.2,trifecta
2019-11-18,尼　崎,5,9.4,10.9,12.7,7.5,19.1,39.2,43.6,25.6,28.8,59.8,57.9,35.7,42.5,82.6,89.3,38.1,17.1,44.6,48.8,42.0,23.4,27.5,28.9,16.4,102.7,256.9,272.6,135.4,137.0,378.1,361.1,191.3,142.9,341.1,379.9,152.7,56.6,167.0,189.5,139.6,184.2,359.5,366.0,236.4,244.4,611.9,507.3,379.9,646.5,862.0,1054,668.0,231.0,756.3,1406,809.7,381.7,593.8,943.1,954.3,176.5,523.9,222.0,187.7,240.0,621.4,560.6,391.0,852.8,871.4,1431,977.6,440.4,480.0,1041,283.2,292.5,424.1,965.8,320.6,188.1,616.6,513.9,187.7,361.1,785.9,722.2,307.1,303.6,977.6,1705,1406,801.6,735.4,1705,419.7,281.2,316.8,900.7,471.5,52.9,202.9,181.7,151.8,89.4,438.0,415.3,231.0,389.1,626.3,921.4,1406,334.0,452.9,1129,616.6,250.5,267.2,862.0,517.2,trifecta
2019-11-18,鳴　門,5,103.7,89.8,292.7,151.7,106.6,19.7,73.0,27.9,63.1,16.4,28.5,12.2,346.9,150.4,80.4,107.6,144.1,42.4,22.1,86.0,459.2,398.1,1064,627.3,793.9,936.8,1419,1277,511.0,1056,1951,598.0,1495,1801,2303,2266,1033,1579,956.0,2007,222.7,39.5,119.5,50.5,425.8,493.1,1048,751.5,40.2,257.3,93.7,27.4,226.3,644.6,197.3,199.0,70.1,385.0,43.5,152.9,109.7,23.8,29.8,14.5,288.5,471.5,571.2,291.5,34.3,233.0,69.5,23.9,51.4,286.2,87.5,37.9,17.1,126.0,20.3,28.4,1040,478.0,272.3,379.8,1615,2266,1495,1925,619.0,1561,503.7,583.1,234.6,1048,328.3,144.7,396.9,1243,487.9,197.3,254.5,75.2,45.6,218.2,666.0,1211,600.5,1391,124.1,534.3,65.8,301.5,41.7,247.4,43.1,102.7,370.8,962.5,457.7,181.3,trifecta
2019-11-18,児　島,5,28.4,49.5,31.8,146.4,15.6,13.0,5.2,41.9,66.5,27.3,32.3,129.7,22.7,7.3,15.7,40.9,296.4,137.9,172.8,169.0,217.8,352.8,239.1,783.3,400.8,918.0,511.2,1552,533.6,1274,1041,1707,437.8,637.1,898.7,1334,1742,2439,2307,2754,75.4,47.7,22.9,118.0,237.1,395.2,257.1,938.2,106.7,440.1,131.3,464.0,39.2,175.6,85.8,196.2,349.9,928.0,661.8,576.9,216.7,91.5,80.0,354.2,412.4,609.8,536.9,1004,158.4,565.4,190.5,694.1,97.3,313.9,141.1,276.3,565.4,918.0,651.7,561.7,71.3,22.4,40.6,91.8,221.7,263.5,374.4,508.2,38.8,156.6,87.2,203.7,76.5,253.3,98.7,197.6,215.6,397.1,275.4,243.9,1219,580.8,1274,837.0,1985,2668,3049,2246,820.9,3162,1778,1674,1399,1985,1707,1080,845.3,1778,1153,928.0,trifecta
2019-11-18,徳　山,5,18.2,48.2,81.7,19.1,16.3,19.8,43.6,6.3,72.4,45.5,168.8,38.7,149.2,122.9,221.6,90.4,13.5,6.7,16.5,43.4,204.7,385.4,537.3,182.8,335.8,751.3,1528,471.5,886.5,1284,2770,1094,1043,2273,2955,2859,313.2,564.7,943.1,1583,86.6,76.9,113.8,26.6,289.7,557.6,904.6,318.9,221.0,500.9,481.8,197.0,298.5,985.1,530.8,337.1,36.8,159.1,105.1,190.2,404.8,239.6,374.0,160.9,904.6,1068,1672,933.2,366.3,1030,852.4,323.5,914.0,1927,923.5,720.8,214.1,591.0,290.6,571.9,661.6,402.9,633.2,322.3,1641,1407,2533,2061,571.9,1231,1081,777.7,1151,1970,1122,1068,410.4,1198,579.4,770.9,35.7,16.1,33.6,65.0,148.2,217.8,288.7,438.9,35.2,135.3,95.7,181.6,77.1,189.4,133.3,281.4,191.4,515.4,298.5,378.8,trifecta
2019-11-18,下　関,5,15.3,11.5,67.5,146.9,13.3,7.0,38.0,82.0,8.5,6.1,22.0,41.5,169.6,121.4,91.2,308.9,406.0,313.0,226.5,550.5,86.8,74.0,281.8,391.5,169.8,164.3,680.7,763.0,136.8,173.9,400.1,557.9,841.2,1147,964.9,2878,1344,1802,1562,2734,51.0,24.8,98.7,191.6,138.3,132.0,492.6,529.1,36.8,76.9,128.3,177.3,375.3,590.1,420.6,891.5,729.1,1058,854.4,1624,22.9,17.5,43.7,81.5,72.7,98.9,194.3,243.0,37.1,77.6,116.3,154.9,102.7,201.5,201.0,202.5,272.9,471.4,439.8,428.3,735.6,426.1,347.5,1312,1271,1802,1426,3815,916.4,1451,1171,2780,314.2,788.7,841.2,1038,1907,3566,2278,2645,1592,1608,1044,3347,1976,2412,2103,5656,2158,3037,2158,4317,1051,1726,2158,3095,4317,4433,5468,3216,trifecta
2019-11-18,若　松,5,12.9,4.2,39.1,13.4,28.6,24.8,103.0,61.3,6.2,17.1,38.6,12.4,165.9,256.6,173.0,228.5,47.6,117.2,45.0,202.9,76.2,25.9,173.0,54.7,269.0,335.1,798.1,479.2,61.2,219.7,368.2,109.2,595.1,943.2,822.9,887.1,238.8,679.9,230.3,943.2,157.8,106.3,324.2,227.7,299.4,328.2,846.2,519.9,145.4,258.0,467.9,207.1,659.2,843.2,954.6,1079,511.0,626.3,420.1,1152,30.5,86.4,121.5,37.7,53.7,179.5,253.8,82.0,177.7,225.9,454.5,217.7,270.2,332.3,624.7,299.8,81.8,94.7,207.7,258.0,921.4,932.2,861.5,1187,1297,1767,1125,1403,1169,1580,1988,1940,903.9,943.2,1601,837.3,1473,1283,1988,1276,354.0,914.3,312.3,1120,556.2,1482,435.4,1473,1290,1634,1104,2339,327.3,338.0,867.8,1075,1657,1559,2251,1230,trifecta
2019-11-18,大　村,5,9.7,4.2,17.6,206.8,24.8,20.7,56.0,402.2,5.6,13.6,15.1,168.9,73.5,126.3,72.7,580.9,826.8,1095,847.6,1132,35.3,14.0,43.2,288.5,133.1,97.5,200.1,682.3,31.5,64.7,65.8,361.7,245.0,364.7,216.8,959.2,1716,2519,1604,1996,239.8,211.5,480.4,1604,360.3,255.0,554.6,2209,332.7,299.4,647.9,1773,1187,959.2,1214,3692,4728,3963,5183,6125,22.9,63.1,43.0,276.1,41.5,99.9,81.6,435.4,232.9,217.1,430.5,1253,115.1,124.1,320.4,655.8,959.2,1361,2156,1540,459.9,866.6,394.0,1623,668.8,1146,449.9,2668,1663,1354,1531,4813,411.5,398.1,1118,1967,2898,2961,3171,3208,2722,4347,3411,4991,4418,3743,3171,6911,7487,5183,5734,7487,2929,3171,5285,7487,3743,7284,6125,7284,trifecta
2019-11-18,戸　田,6,30.1,53.8,108.9,31.6,44.5,77.4,158.0,60.4,111.6,149.3,249.5,159.4,272.5,446.6,429.4,369.9,34.4,48.8,85.6,157.3,33.2,59.0,106.1,39.3,29.4,18.4,38.0,14.8,96.4,43.1,99.5,53.6,215.9,129.9,182.8,162.5,36.8,19.3,41.0,85.3,63.2,99.9,173.9,85.1,48.7,28.1,55.7,24.8,109.4,49.7,96.9,65.1,277.2,149.3,177.3,230.9,95.2,38.6,76.3,151.3,218.6,254.2,284.3,249.2,224.9,104.2,223.3,125.0,247.8,107.3,235.8,152.0,362.1,300.1,350.7,365.6,334.6,162.9,199.3,392.1,468.7,841.7,720.1,709.3,542.6,405.5,454.1,479.4,868.7,445.6,633.4,910.5,722.8,444.5,646.3,779.3,319.3,467.6,951.7,906.1,51.9,74.3,146.5,201.6,49.9,28.6,65.6,140.9,111.2,44.0,90.7,204.5,314.6,149.9,166.4,422.7,673.9,411.7,593.7,653.0,trifecta
2019-11-18,江戸川,6,52.2,49.2,26.2,48.6,72.9,64.8,43.5,75.4,56.1,63.7,28.8,58.3,26.4,44.1,28.4,19.3,74.8,127.5,98.6,42.4,91.9,101.1,46.2,73.1,163.4,221.7,104.5,170.1,173.4,234.8,111.7,176.2,67.0,93.5,98.3,58.4,166.6,263.3,276.7,103.1,155.0,155.8,105.5,159.1,195.4,247.3,145.2,233.8,227.9,280.5,167.5,242.5,136.9,144.2,160.7,122.7,264.6,336.0,338.1,201.4,151.0,181.1,61.6,103.8,226.7,295.2,125.6,185.8,267.6,308.7,164.9,229.2,55.6,88.8,114.2,44.1,157.0,231.2,277.2,87.6,45.8,76.7,40.8,27.0,67.6,107.5,96.4,54.7,146.9,144.1,155.0,113.3,49.6,81.2,108.1,38.8,38.1,53.6,91.8,54.4,148.1,222.0,183.5,85.5,205.0,395.6,315.8,135.4,369.6,428.9,447.8,253.8,295.2,323.4,460.4,133.4,97.6,113.7,196.8,111.9,trifecta
2019-11-18,平和島,6,12.4,9.9,117.7,90.7,17.1,13.9,178.1,144.1,9.9,12.2,66.0,49.2,301.1,453.8,265.3,509.1,241.6,280.9,206.3,566.6,31.7,20.3,191.7,125.8,62.6,37.4,311.4,223.8,27.4,29.7,143.0,99.0,548.0,737.4,428.6,1033,516.9,611.5,421.4,1223,79.2,57.9,313.4,294.1,111.5,62.8,496.5,409.3,57.1,52.7,303.9,236.5,1066,748.4,857.2,1373,789.7,655.5,737.4,1617,15.0,23.6,74.4,55.8,22.9,26.3,93.2,76.2,41.4,36.9,208.5,144.7,194.3,191.7,303.9,227.4,133.9,162.8,212.9,299.3,789.7,1013,849.9,993.0,964.3,1496,777.4,1373,1543,1393,1567,1857,895.5,668.6,1617,1337,1223,1671,2332,1729,659.8,911.7,560.3,1194,879.7,1373,737.4,2228,1373,1355,964.3,3134,668.6,659.8,872.1,1302,1671,2228,2949,2089,trifecta
2019-11-18,常　滑,6,17.1,26.1,86.7,125.5,15.8,14.9,62.9,77.5,38.1,27.1,113.6,115.8,193.6,257.5,329.5,582.8,384.5,272.7,369.1,429.2,31.6,40.5,104.2,163.8,39.1,25.0,97.6,94.4,74.8,47.2,189.6,172.4,235.6,243.9,389.9,675.2,512.6,294.5,416.3,802.4,21.7,16.2,65.6,76.9,26.2,17.3,68.1,63.4,18.3,15.8,45.0,34.8,186.4,160.4,151.2,292.9,267.4,190.2,148.4,274.1,51.7,48.7,148.8,133.1,59.0,47.4,177.4,153.8,48.2,38.4,105.4,77.6,236.6,259.9,209.7,276.8,249.4,302.5,231.6,450.1,285.4,548.2,719.1,971.4,350.4,507.9,709.8,1258,700.8,537.5,565.0,865.1,636.4,570.8,576.7,608.4,1006,1287,1107,1107,865.1,865.1,709.8,1230,1107,814.2,826.4,1730,938.4,893.0,498.8,1287,851.8,748.2,622.1,1230,1350,1107,1287,1230,trifecta
2019-11-18,尼　崎,6,13.3,7.3,26.6,64.1,19.3,10.5,22.5,62.3,7.2,9.4,12.7,24.0,48.1,52.5,36.9,116.9,143.1,169.9,115.1,173.7,86.3,42.3,126.2,175.2,320.9,386.1,757.7,1275,91.2,347.5,342.7,250.0,434.3,854.0,603.4,1132,592.8,1679,547.6,1275,184.9,91.8,171.9,229.5,401.5,425.2,614.4,969.0,186.2,468.7,409.6,562.9,341.6,741.0,607.0,861.3,959.7,2144,1380,1361,30.2,42.5,37.2,57.1,69.2,199.1,143.5,207.7,142.5,365.1,301.7,427.0,70.1,123.1,182.5,130.5,202.7,317.9,501.3,269.4,255.1,324.0,183.8,370.5,473.1,1132,695.0,1504,633.8,1292,978.4,2099,226.9,389.0,562.9,479.8,1028,1343,2290,988.0,569.3,978.4,541.8,757.7,1017,3359,1038,2519,1343,2879,1679,2723,658.6,854.0,2015,1072,2144,3475,3475,1708,trifecta
2019-11-18,鳴　門,6,15.5,99.2,19.8,43.4,16.5,96.7,14.7,46.3,278.6,242.7,346.8,363.6,28.1,23.5,141.7,46.9,119.7,133.6,404.2,108.8,32.0,194.8,34.7,77.9,41.0,196.0,18.4,51.9,558.9,486.6,501.6,578.8,47.0,25.5,278.6,47.0,205.5,113.0,758.3,96.6,39.6,153.5,30.0,82.9,45.4,149.1,20.0,53.1,357.0,350.6,274.7,416.2,35.6,22.3,145.1,36.5,210.3,131.6,440.6,98.1,815.1,656.5,470.3,931.6,1018,931.6,858.0,1254,865.6,1008,708.8,1164,684.0,688.8,730.0,822.0,1063,1438,1287,1086,67.1,54.4,252.7,80.1,91.6,45.0,394.4,72.9,64.4,43.3,264.3,61.1,615.2,684.0,575.4,585.7,129.3,100.0,97.8,440.6,484.2,463.6,914.2,383.6,565.4,362.3,1222,272.4,486.6,332.7,959.0,232.9,1137,1377,1287,1254,345.6,240.3,224.8,741.0,trifecta
2019-11-18,児　島,6,3.6,13.9,15.2,87.0,5.3,12.6,11.6,78.7,42.0,38.0,76.9,286.1,41.9,30.0,94.0,177.3,374.4,357.7,751.5,573.9,16.9,48.7,55.6,272.0,38.0,119.9,105.7,466.3,254.7,312.7,561.6,1055,248.7,280.8,682.7,829.0,1607,1712,3602,2048,24.4,47.6,51.3,234.7,46.8,139.2,132.2,567.7,163.4,221.7,325.4,822.5,146.3,217.1,438.9,797.3,941.0,1065,1770,1970,274.8,235.2,324.4,1065,395.6,476.9,803.5,1273,350.5,517.1,797.3,1214,678.3,900.5,1024,1356,1123,2131,2374,2374,206.4,164.7,488.1,538.4,382.6,400.2,1374,1099,251.7,406.4,985.4,1258,1173,1801,1934,1770,1392,1258,2089,2487,1322,1536,3165,2089,1411,2748,5803,2823,2321,2984,2823,2901,4974,5222,4017,4178,2547,2321,2611,4352,trifecta
2019-11-18,徳　山,6,12.4,19.3,36.7,17.2,12.6,9.0,14.4,7.4,27.4,18.6,41.0,17.2,79.7,44.4,78.5,44.2,30.7,15.2,28.6,38.6,128.0,216.4,355.5,163.2,288.5,663.7,796.4,577.1,658.2,704.8,1769,751.4,894.9,1592,1896,1561,365.3,1061,937.0,1502,110.4,71.9,90.1,59.6,260.2,524.0,545.5,435.2,198.6,482.7,292.8,214.1,261.1,608.0,360.4,337.4,109.7,444.9,217.6,311.1,238.4,161.8,269.0,107.3,491.6,821.1,1106,637.1,248.9,915.5,517.1,353.9,504.1,804.5,485.6,394.2,175.8,568.9,340.3,414.8,476.9,237.7,507.3,269.0,796.4,1008,959.6,1106,357.1,1076,524.0,585.6,758.5,1284,652.8,692.5,363.6,1244,663.7,652.8,112.0,78.0,109.8,205.2,275.6,632.1,476.9,658.2,139.0,589.9,284.4,428.2,222.4,594.3,360.4,581.3,414.8,937.0,541.8,589.9,trifecta
2019-11-18,下　関,6,6.5,18.3,6.5,55.1,15.4,40.1,22.7,113.8,58.6,78.8,91.7,242.0,18.9,34.6,88.1,131.0,322.6,396.6,752.8,448.6,10.5,25.7,8.9,67.1,41.0,110.5,43.7,174.4,134.1,190.3,144.5,361.3,27.5,43.1,107.0,120.6,403.1,468.7,639.0,345.6,85.5,193.1,109.5,399.8,116.8,281.5,123.9,399.8,411.4,346.2,460.0,712.3,201.9,171.4,430.1,595.0,1656,1211,1370,1409,207.6,418.4,265.7,776.3,281.5,531.4,343.2,835.0,660.2,664.6,752.8,1361,281.1,258.1,456.8,405.6,1148,1068,1380,883.3,60.3,116.3,242.0,217.6,65.0,104.3,260.4,206.3,247.5,188.3,653.7,678.3,302.0,306.2,639.0,483.5,466.5,395.9,867.8,831.5,1190,2423,3368,1602,1494,2453,2722,1190,3680,3205,4416,2453,4320,2581,4416,2258,1670,1074,2394,1987,trifecta
2019-11-18,若　松,6,8.3,5.5,8.3,160.9,15.6,12.8,21.3,201.6,7.3,11.7,9.6,126.7,18.5,31.2,20.6,224.7,552.2,728.0,485.8,736.3,105.8,74.0,78.4,627.3,347.3,687.3,736.3,1794,198.0,587.3,377.3,1485,279.1,760.1,503.8,1700,2438,3313,3190,3271,204.7,154.3,217.7,864.3,418.2,661.0,867.2,1700,352.1,680.1,636.5,1242,657.6,929.6,975.2,1886,3589,2610,1972,3446,57.9,101.7,62.4,376.7,152.4,469.9,285.5,1174,316.3,702.3,594.1,1770,105.1,196.6,350.6,619.7,1339,1820,1988,1711,184.6,308.7,134.6,683.7,268.6,879.0,392.1,615.3,723.9,1143,1114,2247,212.8,405.7,683.7,1109,635.0,751.3,2084,398.2,2664,3492,2267,2779,2809,4615,3692,4534,4456,4699,4380,3640,2637,3640,4168,3005,3113,4038,3271,3400,trifecta
2019-11-18,大　村,6,6.8,13.7,30.7,4.9,13.9,28.7,52.9,12.9,43.2,57.7,136.1,40.8,126.9,173.5,255.4,95.0,8.6,16.4,35.9,59.9,36.5,60.2,88.6,19.3,163.9,503.2,560.8,172.9,347.8,1002,1236,402.9,568.3,1279,1708,612.1,48.3,137.4,243.9,276.7,136.5,225.9,332.8,101.0,232.9,601.9,824.0,215.4,519.6,757.8,1006,469.8,1111,1675,1780,1097,172.6,256.1,473.3,622.5,442.8,680.8,909.4,528.2,742.3,1858,2960,986.9,953.6,1793,2087,1107,1621,2625,2448,1989,628.7,800.7,1060,1533,729.6,1463,2357,872.0,1312,3744,3395,1361,2379,3744,3800,3182,3264,3917,3978,3223,1006,1224,2005,2767,36.8,92.8,194.2,239.5,58.7,199.8,305.3,376.1,194.2,270.3,572.2,834.8,546.4,663.1,866.1,1260,633.4,695.7,1224,1369,trifecta
2019-11-18,戸　田,7,13.2,9.2,24.5,19.9,19.7,15.4,27.3,32.6,11.0,13.8,20.9,17.1,47.5,47.8,43.3,56.5,61.1,76.4,53.2,96.1,93.1,72.9,162.6,120.8,261.6,325.5,440.1,565.0,170.2,277.9,364.2,317.4,468.2,681.3,592.7,813.8,619.6,1281,771.0,1192,143.3,90.6,157.5,187.8,283.6,350.5,535.4,538.3,143.7,340.6,304.7,320.9,325.5,568.1,443.9,655.2,505.1,1133,636.9,949.5,38.4,46.2,37.6,35.2,92.5,183.9,168.3,154.6,119.0,248.6,236.8,222.2,61.2,140.7,191.8,78.2,73.7,154.4,179.2,116.5,186.6,206.7,134.4,163.9,443.9,709.6,511.4,594.4,432.6,830.3,552.8,776.8,149.1,280.1,387.7,186.6,366.8,554.3,743.0,383.3,480.3,534.1,286.0,576.1,813.8,1768,972.0,1695,801.1,1799,923.8,1577,309.8,674.6,807.4,592.7,813.8,1331,1768,776.8,trifecta
2019-11-18,平和島,7,115.5,150.8,208.8,155.3,63.3,18.3,9.9,6.3,190.3,46.7,81.9,42.6,219.8,26.3,90.1,25.2,128.6,12.5,36.0,19.9,373.3,679.7,638.1,581.7,456.4,1137,1051,786.6,1437,1226,1812,1158,1506,1344,1985,1645,1437,1016,1924,1761,117.3,31.1,16.4,11.8,365.7,616.1,625.3,422.5,101.1,435.8,111.3,74.4,46.0,337.1,109.3,36.2,24.6,225.3,61.3,35.3,668.8,206.7,268.4,157.9,1214,1202,1603,1421,235.5,887.0,340.8,181.7,388.4,1147,425.4,270.1,222.1,962.1,212.7,281.0,571.1,88.5,269.5,94.3,1158,1289,1603,1042,96.7,912.9,382.4,100.7,448.3,1374,488.5,345.5,104.8,604.2,102.9,265.5,294.9,46.4,142.2,83.0,992.6,1158,1506,1454,56.7,471.9,163.0,99.6,320.7,1147,288.1,451.5,140.3,668.8,129.7,349.3,trifecta
2019-11-18,常　滑,7,12.7,37.8,33.1,336.9,9.4,20.2,12.6,193.3,73.6,57.2,106.2,566.9,53.2,30.9,109.5,556.2,765.7,640.8,893.3,893.3,27.0,69.9,50.2,344.7,30.3,50.3,31.2,311.9,187.7,158.0,162.8,1052,111.6,72.7,156.3,566.9,1254,830.4,1473,1228,13.9,26.4,14.7,163.3,19.7,33.7,19.4,206.8,71.1,58.7,57.8,270.4,28.1,25.2,52.1,148.1,595.5,633.9,830.4,446.6,188.3,194.5,206.1,685.5,205.4,246.6,238.7,893.3,235.8,234.8,245.6,796.7,307.0,284.8,316.9,1371,966.5,1511,1310,1637,148.1,94.3,257.4,662.4,171.8,102.7,251.9,736.9,96.4,97.6,191.4,607.8,427.2,344.7,375.5,1371,966.5,935.8,879.9,1228,2183,1551,3103,2679,3103,2267,3468,2183,2033,2105,2033,1734,4913,3275,3468,4535,2807,1684,1310,2807,trifecta
2019-11-18,尼　崎,7,10.8,34.7,86.0,11.1,11.8,20.9,52.8,6.2,63.6,46.1,134.5,34.4,284.2,198.4,332.1,145.3,12.2,7.2,22.1,43.8,115.3,234.3,448.8,84.7,237.9,996.4,1295,340.8,692.1,1295,2518,847.4,1333,1710,3022,1929,173.7,348.7,954.4,1333,65.8,87.6,152.9,30.3,123.7,484.9,686.9,168.8,227.2,498.2,697.5,221.7,382.6,731.2,1030,433.8,46.7,122.7,175.0,286.9,455.6,320.4,566.7,188.9,880.3,1563,2108,863.5,521.1,1193,1439,438.0,1333,1743,1743,1373,240.5,559.7,446.6,775.0,1439,1018,2158,686.9,2266,2666,3487,3238,1486,3126,3487,1813,2386,3487,3238,2666,1373,2211,1536,3238,35.0,23.3,59.9,85.3,90.9,178.1,385.8,539.7,43.9,138.2,146.4,302.2,188.1,419.8,320.4,536.5,305.3,552.9,419.8,600.5,trifecta
2019-11-18,鳴　門,7,23.0,28.7,126.0,76.0,17.0,13.0,69.3,32.7,34.7,23.4,130.5,61.4,304.4,263.7,307.0,453.4,195.1,116.1,165.7,507.4,37.8,47.9,141.8,100.3,53.8,34.8,180.2,67.0,100.6,51.3,311.5,103.7,357.5,527.4,514.7,615.9,303.5,145.5,193.0,701.0,24.4,15.7,75.0,29.9,47.4,22.3,134.0,42.8,21.4,21.5,70.0,20.3,247.8,248.3,205.7,221.5,76.3,65.1,49.3,176.1,90.7,59.1,192.3,111.8,125.3,70.6,301.8,131.3,53.0,49.4,141.3,54.4,322.8,339.3,306.1,276.0,167.8,153.9,100.6,244.9,313.3,634.2,641.8,1054,417.8,739.9,683.0,1366,783.4,691.9,710.3,895.4,807.2,801.1,674.3,761.1,1439,1315,918.5,1034,459.2,289.5,416.2,1024,585.4,322.8,469.4,1299,323.8,271.8,198.0,649.7,546.4,486.5,231.6,895.4,1590,1664,959.9,1158,trifecta
2019-11-18,児　島,7,21.3,23.9,144.1,16.8,19.5,9.9,111.2,6.2,21.9,14.0,131.4,9.1,398.3,359.8,399.8,246.4,16.9,8.5,10.8,95.3,269.2,246.4,678.9,203.6,571.1,990.4,2203,938.7,471.4,981.4,1999,749.6,1420,2159,2159,2917,376.1,938.7,793.7,2510,121.7,62.6,245.9,42.6,446.0,568.1,1439,499.7,182.9,539.7,683.2,158.9,990.4,1520,1384,1769,93.0,300.7,171.9,719.7,148.0,109.5,392.5,62.2,347.1,830.4,1686,395.4,243.1,870.6,1226,234.6,1285,2036,1829,1212,97.5,259.5,220.3,631.3,1226,1079,1861,1028,2159,2840,3598,2998,1458,2698,1893,3175,2453,4152,2633,1769,1173,1741,2296,1799,64.6,41.1,42.3,254.0,239.3,499.7,428.3,1255,102.3,376.1,164.0,930.6,98.5,299.0,203.6,627.6,892.1,1520,1542,1300,trifecta
2019-11-18,徳　山,7,23.6,36.2,55.1,21.1,27.8,15.4,18.7,8.8,49.7,30.1,42.3,18.0,85.8,42.6,72.4,24.8,29.0,13.2,21.7,19.6,154.7,174.4,188.4,115.4,361.8,596.1,679.7,440.8,591.3,790.5,1069,422.8,478.5,969.7,1024,591.3,235.3,505.0,391.0,512.2,139.0,55.0,63.9,39.8,361.8,388.9,638.0,388.9,118.8,330.6,151.8,93.0,210.8,481.6,292.1,170.7,73.4,306.8,116.0,141.2,262.5,154.4,152.1,89.1,515.8,826.5,643.6,386.8,233.1,742.1,346.3,206.6,277.6,555.2,438.1,173.1,111.8,278.6,197.6,164.9,399.6,273.4,332.1,108.8,720.1,982.8,1024,649.4,374.9,944.6,606.1,435.5,446.2,1054,749.8,284.1,127.6,494.7,363.6,284.1,79.2,49.2,66.1,46.2,183.2,349.6,363.6,298.0,94.2,338.2,176.9,203.7,125.1,323.2,249.0,186.9,100.4,309.5,206.0,215.8,trifecta
2019-11-18,下　関,7,46.4,17.5,15.5,125.6,78.5,36.5,33.4,239.9,19.0,28.9,6.8,70.5,14.5,24.6,7.3,50.5,399.9,604.7,309.3,239.9,300.3,109.1,94.1,521.7,841.2,991.2,808.4,1999,222.6,747.5,154.2,870.1,154.3,468.1,139.4,430.1,1838,2999,1868,1416,635.0,290.0,229.5,1128,1017,1036,823.0,2091,473.0,1128,295.3,1145,296.8,699.3,301.9,982.7,4071,3999,2505,2279,70.9,137.7,23.8,149.6,141.3,498.8,107.0,353.4,397.8,742.6,266.9,1070,20.5,40.7,90.4,54.1,518.1,814.2,957.9,258.2,39.0,66.4,17.6,75.6,95.3,354.0,85.4,293.0,216.1,515.8,245.1,658.9,18.8,41.2,87.6,60.2,241.0,400.6,580.1,219.2,2072,2814,1572,1288,2922,3930,3304,2111,4749,4071,3123,2561,2130,2885,3677,726.0,1266,1550,2326,651.4,trifecta
2019-11-18,若　松,7,19.7,16.3,49.6,35.6,15.6,5.8,16.2,11.9,16.3,8.9,23.1,13.3,93.8,62.7,64.3,86.6,66.4,43.0,39.2,108.8,204.0,147.9,270.4,223.1,473.8,686.6,1032,960.8,383.7,762.3,1006,600.2,950.9,1404,1336,1356,770.8,1697,967.5,1895,76.9,28.3,57.2,41.6,304.0,397.0,624.6,519.1,66.9,237.3,139.7,86.5,232.3,563.5,293.7,339.1,175.3,485.4,190.0,395.3,108.4,71.2,110.3,69.0,242.3,508.6,517.2,379.5,109.2,322.8,245.0,156.3,210.1,404.5,350.7,215.1,136.0,337.8,246.1,250.6,593.8,394.7,376.4,503.1,1093,1390,1257,1627,530.1,1152,704.1,828.4,507.7,878.4,724.3,496.8,859.3,1293,862.0,655.7,447.7,306.7,244.8,730.1,783.9,1520,954.1,1751,439.2,1281,523.0,1124,278.9,783.9,539.4,640.5,1203,1740,1134,756.0,trifecta
2019-11-18,大　村,7,14.5,24.4,51.7,6.1,32.1,72.6,123.9,23.8,75.0,127.3,175.2,53.7,179.9,298.0,300.8,120.6,5.2,11.4,19.0,39.7,53.1,76.2,122.0,25.8,103.3,155.1,240.2,100.0,233.8,284.6,395.2,222.1,367.3,522.3,531.6,400.5,38.3,81.3,136.7,196.5,180.1,304.1,452.3,127.0,215.0,343.1,509.7,193.3,518.6,487.2,637.7,441.5,943.4,861.4,987.3,928.7,178.4,228.0,462.9,790.4,527.8,839.5,990.6,325.8,712.6,812.0,1218,643.2,1084,750.4,1464,955.6,1113,1130,1382,1096,386.4,605.2,1035,1218,633.6,1147,1233,464.3,792.5,1344,1737,1065,2008,1880,2653,2340,1408,1382,1790,1165,558.6,1010,1880,1688,13.0,28.5,41.0,81.9,31.7,88.9,134.8,199.1,126.9,168.4,388.9,641.8,203.4,296.3,499.4,601.6,317.1,525.0,990.6,968.0,trifecta
2019-11-18,戸　田,8,25.4,86.5,42.1,22.3,21.6,48.6,21.4,9.6,145.6,127.6,166.5,88.3,62.5,51.4,150.0,34.6,17.6,10.0,44.8,15.2,131.1,312.5,199.7,99.7,223.1,577.5,334.1,148.8,766.2,972.5,968.3,743.6,426.1,561.8,972.5,297.8,141.1,187.6,510.2,219.6,80.2,137.4,58.3,30.6,190.2,465.3,252.5,130.7,404.2,706.7,387.0,249.2,128.3,256.8,299.0,86.8,36.4,83.9,140.1,52.4,582.0,421.4,393.7,303.4,944.2,1173,968.3,790.1,611.7,964.2,743.6,600.4,548.3,985.1,903.0,516.0,386.3,839.7,637.4,571.7,306.6,203.1,441.8,110.9,477.0,722.4,1002,300.2,257.4,644.6,865.2,192.5,659.6,1078,985.1,545.7,102.3,210.9,161.5,310.8,37.1,22.7,72.9,27.0,87.2,127.9,268.9,124.3,37.9,87.6,150.2,54.4,213.8,380.5,347.9,229.4,45.1,102.6,69.1,131.5,trifecta
2019-11-18,平和島,8,44.4,23.9,109.6,62.4,61.5,25.9,91.9,51.6,19.6,17.2,31.3,12.1,291.2,211.7,128.5,158.8,93.7,77.6,34.1,110.1,110.8,59.5,196.7,116.0,218.0,208.7,522.7,340.3,80.9,152.8,235.5,105.0,775.4,1182,619.5,791.1,281.4,475.9,213.2,576.7,173.2,72.3,235.1,145.2,251.8,262.5,632.9,466.4,81.9,183.2,229.1,99.9,491.9,791.1,518.0,646.8,255.6,452.0,168.7,537.1,21.3,20.2,31.8,11.5,46.6,98.9,123.5,52.5,46.4,111.1,126.4,45.2,52.8,102.9,122.4,43.9,18.2,37.3,38.5,37.6,525.0,491.9,254.5,358.0,959.7,1194,680.7,944.2,636.3,1094,585.4,992.2,220.0,433.6,446.9,210.2,445.2,636.3,680.7,276.1,236.0,234.6,72.6,352.6,400.9,801.9,297.1,975.7,398.2,824.5,222.6,867.3,65.4,165.6,146.9,194.4,520.3,830.4,936.7,333.5,trifecta
2019-11-18,常　滑,8,108.9,135.8,232.3,354.6,63.4,16.6,16.7,37.7,167.2,41.0,58.1,111.9,279.0,41.1,79.9,145.1,648.4,149.9,276.7,277.8,398.1,469.5,500.6,986.7,500.6,486.3,549.0,986.7,724.3,654.6,701.8,1237,791.6,716.6,1173,1583,2063,2196,2196,2002,76.7,13.5,13.4,34.8,223.2,167.2,193.9,322.6,19.4,119.6,10.4,22.7,19.0,129.6,12.1,23.3,91.7,415.1,61.8,55.0,225.4,61.6,68.9,135.8,376.1,360.2,306.6,447.9,59.3,216.1,32.8,59.3,82.4,277.8,49.0,68.9,245.7,592.0,152.9,143.0,428.2,82.7,157.6,208.2,602.5,576.9,701.8,748.1,60.4,342.1,42.4,75.8,166.0,531.9,70.1,131.1,280.1,687.7,151.6,203.2,1215,354.6,716.6,756.4,2063,2347,2127,1621,352.7,1194,262.8,253.1,724.3,1194,327.3,372.0,861.8,1153,288.4,395.8,trifecta
2019-11-18,尼　崎,8,9.3,19.2,11.6,4.0,23.0,47.4,54.7,22.7,66.7,107.6,154.5,60.7,34.9,72.9,128.5,24.6,6.6,18.7,42.0,22.5,88.8,176.9,84.4,35.3,357.0,906.9,776.3,359.5,697.1,1090,1348,721.6,184.3,846.9,1249,268.9,75.4,284.6,492.6,244.5,349.7,520.2,443.6,249.9,525.5,1101,1138,566.1,994.9,1205,1680,1485,592.3,1281,1797,940.1,398.7,652.7,1330,915.0,525.5,800.6,530.9,397.2,692.4,1552,1485,1090,1234,1830,2227,2049,1067,1797,2277,1403,550.9,883.4,1366,1101,169.1,414.9,485.6,129.8,188.0,948.8,1045,341.6,931.6,1443,2383,1101,1443,1933,2440,1576,183.0,273.2,624.8,806.9,32.4,99.1,198.6,88.7,66.2,271.1,488.0,237.2,276.2,550.9,1126,737.2,606.3,1024,1626,1281,169.1,280.0,592.3,846.9,trifecta
2019-11-18,鳴　門,8,40.4,33.0,45.3,143.7,42.4,13.9,15.4,86.8,34.7,15.8,13.5,72.9,58.3,23.7,19.7,89.2,360.6,265.8,248.5,291.0,130.0,114.8,155.8,406.9,246.5,345.7,410.5,884.3,239.5,330.8,245.9,707.4,338.1,528.5,351.0,1045,1164,1393,968.0,1393,118.6,33.5,32.7,155.6,217.9,225.9,286.5,544.1,57.5,175.8,41.3,159.9,55.8,199.4,44.8,154.8,540.9,792.8,348.3,396.4,81.1,31.7,24.1,92.5,161.6,207.6,173.8,418.0,56.7,146.4,44.3,138.0,27.1,84.9,34.0,54.5,234.6,433.8,245.9,170.6,114.3,48.7,36.0,145.0,276.1,318.2,237.6,433.8,77.9,299.5,58.4,213.3,38.7,118.6,45.0,74.8,302.5,499.8,310.7,199.4,1483,1094,928.9,999.6,1803,2554,2090,2090,1108,2420,1164,772.8,1021,1876,1021,479.0,958.0,1414,747.7,471.6,trifecta
2019-11-18,児　島,8,7.9,6.9,33.3,9.6,14.9,15.9,49.7,22.4,10.4,18.5,47.1,12.8,83.5,107.1,111.8,95.2,24.0,49.8,29.1,88.2,54.7,43.8,138.6,48.9,222.9,364.2,720.1,424.7,140.3,376.2,768.7,234.2,515.6,1128,1265,1035,215.2,632.8,375.1,1018,147.4,124.4,246.1,144.5,299.7,478.2,852.3,599.5,232.0,472.8,724.2,421.8,556.8,1027,1010,1347,505.2,768.7,773.4,1566,51.7,102.2,144.8,46.5,129.7,435.0,450.7,162.3,254.6,554.4,754.8,420.4,304.8,566.9,1002,339.5,102.2,168.4,368.5,321.2,426.1,491.3,599.5,533.1,754.8,1216,1716,1509,732.7,1332,1740,1957,750.3,1265,1546,852.3,901.4,1052,2123,1392,162.7,358.0,170.2,497.2,310.1,1332,593.8,1546,652.6,1347,829.8,1790,240.0,540.0,737.0,1193,882.4,1228,2409,1693,trifecta
2019-11-18,徳　山,8,33.8,18.6,10.6,70.0,57.0,39.1,22.6,112.2,24.8,38.3,12.1,75.2,10.0,17.2,9.7,26.9,228.4,326.6,234.8,113.8,165.6,95.1,50.5,194.0,429.4,485.6,333.6,806.5,234.2,536.1,174.3,602.3,60.8,177.0,112.9,138.8,483.0,1236,927.5,452.4,380.1,211.7,146.9,473.2,583.3,545.6,441.6,1030,391.3,662.5,256.9,997.3,204.3,273.6,250.0,490.7,1054,1117,883.3,702.6,135.8,190.8,46.1,217.7,259.8,648.6,192.4,610.2,425.4,760.2,304.1,806.5,47.5,115.7,144.9,115.2,448.0,614.2,644.1,343.5,25.7,49.6,21.9,39.5,55.1,144.2,81.4,116.9,150.3,240.2,221.3,310.2,41.6,87.7,149.6,102.0,99.4,139.6,247.3,156.1,866.8,1405,1117,435.4,1204,2262,1855,692.1,1306,2440,1656,1364,1783,1686,1572,622.5,452.4,562.1,918.3,583.3,trifecta
2019-11-18,下　関,8,72.3,33.6,57.4,46.0,92.9,45.8,96.7,69.5,29.8,52.2,25.8,18.4,115.2,166.7,60.3,64.6,69.9,96.5,37.0,61.7,171.6,61.5,122.8,82.5,345.1,253.1,364.1,286.4,94.8,179.7,80.8,53.8,280.8,397.6,150.0,150.3,191.1,301.7,92.1,149.3,345.6,190.7,283.9,209.2,419.4,264.8,446.2,371.4,226.0,242.0,175.7,130.2,482.7,541.2,336.2,329.4,383.4,381.2,208.2,323.2,48.1,119.4,32.1,26.9,64.5,149.0,45.3,31.8,208.0,205.5,161.6,118.2,34.2,43.0,127.0,14.5,28.2,32.1,88.0,13.6,316.5,439.3,163.2,161.5,421.5,589.1,213.3,208.5,638.5,702.5,487.3,483.6,132.2,130.6,299.0,46.7,170.6,179.1,366.6,60.3,204.6,315.3,108.9,182.9,313.8,439.3,138.7,250.9,468.7,587.8,297.2,533.4,97.6,92.4,194.0,42.7,213.8,249.0,438.6,57.8,trifecta
2019-11-18,若　松,8,18.1,13.5,154.5,48.1,19.0,7.3,112.1,21.4,8.7,5.9,55.6,9.1,429.0,362.9,261.6,356.2,75.6,53.3,31.6,224.2,162.1,114.5,535.3,278.4,324.5,417.4,1122,750.0,223.4,383.9,1020,524.7,703.0,1252,1350,1552,759.8,1320,1002,2040,135.7,48.4,302.6,94.2,301.1,265.7,1016,480.6,81.2,239.9,572.1,136.0,992.4,1279,1176,1402,284.6,765.8,316.8,1402,29.0,22.1,99.2,18.9,118.0,211.2,542.3,183.1,69.8,173.9,444.1,100.9,323.8,626.1,722.2,382.4,37.2,101.5,90.4,183.0,1252,917.5,765.8,1246,2193,2114,1612,2832,1285,1984,2129,2451,985.7,1657,2040,1302,1757,2054,2040,1657,392.7,335.7,142.5,878.8,803.7,1357,950.4,2177,578.9,1369,575.4,2193,140.0,396.9,379.9,669.2,1527,2628,1998,1396,trifecta
2019-11-18,大　村,8,4.8,9.1,15.4,13.4,8.3,16.1,22.3,24.8,26.3,35.1,64.1,52.6,52.6,63.9,121.8,105.1,49.7,72.5,141.8,144.1,17.0,31.1,45.7,37.6,45.4,131.3,115.6,97.3,184.5,258.6,398.1,325.2,285.7,330.3,547.7,478.1,209.3,265.3,504.4,529.1,41.6,89.3,91.7,91.4,63.3,186.8,182.0,146.3,309.7,356.7,484.5,473.6,349.7,335.0,584.5,462.0,333.1,316.3,694.8,643.5,238.2,326.4,400.8,454.3,394.6,617.8,927.6,875.3,671.3,710.0,1240,1190,740.9,824.8,1357,930.0,1026,1112,1395,1332,450.9,588.3,788.3,830.5,665.0,761.4,1526,1352,1062,817.2,2304,1879,1235,1463,2289,1532,1463,1539,2319,2125,404.4,453.8,1105,1280,469.3,622.2,1378,1481,952.3,822.9,2006,2380,2246,2076,2685,2685,1973,1920,2976,2834,trifecta
2019-11-18,戸　田,9,10.1,13.8,20.3,79.9,10.4,9.4,11.9,64.7,23.8,18.2,29.7,119.1,36.2,27.7,41.7,143.5,344.3,296.0,410.2,370.7,24.9,34.4,43.1,156.9,53.3,66.7,67.8,297.3,100.1,115.1,137.8,322.5,136.3,130.0,196.7,492.4,709.2,940.9,838.5,928.7,40.6,37.8,41.6,183.8,72.5,98.8,89.8,393.2,80.6,130.6,97.7,373.6,91.2,121.8,129.9,417.4,781.1,959.9,1100,1063,138.1,99.0,135.0,325.0,205.5,245.5,255.9,491.5,158.2,271.0,203.6,634.9,205.5,304.9,239.1,478.3,1168,1163,1447,1234,120.0,89.4,154.6,275.7,199.9,214.2,351.9,583.0,137.3,229.0,240.1,632.1,278.4,409.0,282.5,682.0,752.2,800.8,1067,1131,1135,1131,1261,1272,1638,1926,2244,1875,1888,2051,2111,2822,2159,2299,2615,2545,1648,1629,3033,2356,trifecta
2019-11-18,平和島,9,24.4,65.0,104.4,19.3,24.4,42.8,68.0,12.7,136.3,106.5,234.9,77.2,266.9,219.6,348.0,138.7,15.9,10.8,36.0,41.5,48.2,108.7,136.3,38.9,101.1,252.7,286.9,85.6,364.6,469.1,597.7,329.6,415.3,610.9,719.7,315.3,54.5,65.9,149.5,132.4,69.8,82.4,123.2,28.6,127.7,242.4,318.2,101.0,170.7,349.8,294.3,117.0,333.6,530.7,435.0,202.7,29.1,63.4,67.2,81.8,400.7,356.1,477.3,244.1,595.1,755.3,1003,526.7,501.7,651.5,727.3,298.2,654.6,833.1,833.1,470.7,252.2,358.9,280.5,367.5,602.9,642.3,1091,365.6,739.1,1174,1309,543.3,735.1,1041,974.9,472.4,1108,1296,1227,633.5,323.4,432.3,393.9,587.4,24.1,16.2,44.8,48.6,46.4,54.1,111.9,95.1,24.3,45.8,65.4,65.4,97.4,145.9,109.1,122.4,124.9,158.7,129.9,146.5,trifecta
2019-11-18,常　滑,9,49.2,14.4,39.8,22.4,87.5,58.1,113.9,71.0,15.4,48.8,25.0,15.1,80.4,199.1,60.5,78.2,30.0,73.9,21.3,41.1,176.7,49.6,119.4,66.8,434.1,282.1,571.9,412.9,84.9,243.9,151.1,99.7,319.4,699.6,286.9,425.4,145.2,457.5,126.9,293.9,208.5,160.9,390.1,381.3,255.7,333.2,661.3,553.2,200.6,361.7,364.8,273.0,776.6,705.4,636.5,749.1,486.5,622.4,335.9,546.1,24.8,105.1,25.9,22.6,52.5,195.5,60.4,57.7,248.2,292.9,207.9,215.4,43.7,57.1,174.1,36.0,32.7,52.5,162.7,34.8,173.8,445.5,140.1,200.1,328.1,622.4,231.2,376.2,671.8,627.0,532.4,656.2,160.9,175.9,383.0,129.8,258.0,334.6,553.2,158.8,81.8,275.7,51.3,111.3,134.1,457.5,115.6,259.6,388.3,516.1,344.1,549.7,51.9,67.4,239.8,65.5,171.0,267.8,519.3,122.5,trifecta
2019-11-18,尼　崎,9,4.5,6.7,33.3,8.6,7.7,13.6,40.9,14.4,18.9,26.0,64.1,31.3,121.8,158.8,199.9,178.0,30.9,38.4,66.7,130.3,28.2,36.9,139.7,45.7,116.0,199.6,541.9,199.3,188.0,374.4,702.0,312.8,682.6,1188,1083,1021,257.4,449.3,477.0,1038,74.5,101.8,243.7,102.6,193.0,394.7,834.9,426.0,301.3,591.2,895.4,478.9,478.9,996.5,1287,965.3,304.3,588.4,591.2,1154,154.8,235.8,345.1,224.6,252.1,710.1,915.3,566.8,484.5,829.3,1343,840.6,694.2,1021,1488,1038,416.0,667.9,1012,1260,812.9,777.1,1176,1113,1154,2167,2629,3986,1074,1961,2471,3530,1506,1993,3744,1584,1604,2942,3744,3089,304.3,383.7,508.5,965.3,459.3,965.3,1223,2422,650.3,1093,1165,2942,980.7,1420,1844,3013,2288,3861,564.2,4260,trifecta
2019-11-18,鳴　門,9,26.1,42.9,220.8,35.3,47.2,83.5,351.7,77.5,102.3,142.3,440.0,150.8,644.8,701.2,863.0,843.6,82.3,117.8,176.6,609.7,16.9,30.0,133.2,19.5,18.3,13.1,100.8,7.6,49.4,24.4,168.2,21.9,408.0,377.7,467.5,295.2,25.9,13.0,22.8,146.4,79.6,140.0,372.7,107.1,52.5,36.0,224.8,23.5,211.3,83.3,500.8,92.9,975.6,714.6,818.9,763.2,128.0,45.9,102.7,539.4,197.8,290.6,433.2,220.0,158.9,98.6,389.5,75.7,361.9,138.0,748.0,187.6,723.8,609.7,904.8,485.7,224.8,96.2,172.3,431.5,1078,1122,1246,1320,1304,1260,1260,992.9,1968,1496,2200,2387,1700,1289,2040,1068,1753,1246,2040,1168,129.5,189.8,237.7,701.2,84.3,49.1,79.1,412.5,222.6,72.8,199.2,883.4,350.6,128.0,213.7,660.0,1181,863.0,1275,984.2,trifecta
2019-11-18,児　島,9,13.5,7.7,30.9,30.8,20.4,12.0,39.4,42.4,8.0,11.2,22.0,19.3,65.4,93.5,61.2,100.3,79.4,105.6,68.2,139.3,61.7,38.4,116.3,89.9,184.6,170.0,335.0,320.8,94.3,176.8,272.9,190.8,467.3,692.4,548.6,915.8,388.9,680.0,377.2,996.1,111.0,61.2,137.1,149.0,249.0,200.6,419.0,435.1,104.3,164.1,209.9,206.1,426.9,540.7,359.3,684.1,483.2,675.9,415.9,901.3,33.1,46.7,48.4,48.9,73.0,139.0,157.7,139.1,124.3,166.0,233.1,217.1,103.2,181.9,259.2,139.1,102.4,153.4,247.9,174.4,349.4,465.4,289.7,483.2,680.0,1182,777.8,1290,718.7,1368,777.8,1195,318.1,525.7,692.4,417.5,648.9,970.6,1305,620.5,316.3,485.3,266.5,641.6,567.8,1113,607.3,1474,970.6,1622,767.3,1474,306.9,445.3,652.6,594.5,847.5,1402,1670,762.1,trifecta
2019-11-18,徳　山,9,4.1,5.7,14.9,52.3,7.1,10.3,23.7,73.1,12.2,15.7,30.4,80.2,56.3,69.6,88.3,206.4,206.8,249.5,264.6,377.9,45.7,54.2,122.8,280.9,137.8,287.1,600.4,1002,202.2,299.4,609.7,869.8,600.4,1019,969.6,1408,1148,1460,1497,2039,62.2,68.6,146.5,322.3,148.9,269.4,552.7,827.2,158.5,204.6,405.1,609.7,588.5,691.7,721.3,1171,1116,1148,1116,1478,58.0,80.4,89.9,210.8,139.6,243.9,311.3,642.9,182.5,262.3,462.0,625.9,166.3,227.0,374.3,382.8,532.8,704.1,730.2,783.4,427.0,507.7,416.5,821.5,768.1,1194,1116,2039,1258,1792,1877,1971,542.6,838.9,1329,1116,1598,1792,2319,1689,1159,1620,1391,1971,2005,2628,2816,3479,2516,2885,1739,3197,1666,2150,2190,2688,2957,2816,3033,3379,trifecta
2019-11-18,下　関,9,15.0,23.3,8.2,197.1,44.8,102.2,52.1,521.6,52.3,139.4,70.3,623.6,14.8,41.4,47.4,243.1,889.6,1198,1164,1128,17.0,20.4,7.2,184.1,55.7,100.6,45.3,473.1,76.4,127.0,61.5,545.1,11.0,24.6,29.9,152.8,610.5,1629,1676,816.9,211.6,441.4,247.6,1300,223.6,416.0,207.4,1250,651.7,559.8,557.7,1824,252.4,208.7,484.1,1361,3766,3625,3718,3919,255.2,563.1,222.9,897.8,274.6,485.7,211.5,1272,785.9,634.6,627.7,1871,192.8,173.9,425.8,858.0,2500,2959,2929,2028,18.3,48.5,49.8,221.0,16.7,39.4,45.5,196.7,107.9,92.5,252.1,595.5,92.6,91.8,225.6,491.5,444.1,364.8,745.5,743.6,2197,3625,3021,2685,2685,4028,3718,2357,4677,4915,4328,4328,5000,5370,4461,3671,2437,2283,4084,3187,trifecta
2019-11-18,若　松,9,11.7,30.9,83.5,57.4,7.6,8.5,28.2,15.6,48.7,31.6,152.5,82.7,219.4,138.2,305.5,331.0,119.8,67.7,157.8,294.1,40.0,87.0,206.9,141.8,46.9,71.2,170.5,99.4,236.9,156.6,477.4,348.4,505.5,444.1,1064,868.5,353.0,238.7,573.8,906.1,13.0,12.9,36.6,17.4,30.7,46.3,100.9,53.6,37.9,52.9,90.6,50.5,147.0,197.8,205.1,174.4,52.3,78.7,89.8,168.5,256.9,137.9,398.2,272.5,396.5,242.8,806.2,554.3,154.8,184.3,341.1,195.9,724.4,900.5,679.0,881.5,521.7,636.2,354.3,956.4,953.3,476.6,914.6,995.5,1034,833.8,1590,1711,584.2,782.5,935.1,886.9,1330,1721,1184,1565,1348,1617,1240,2105,382.0,186.5,490.2,778.4,547.0,339.1,776.3,1387,187.7,277.1,350.5,682.2,772.2,959.6,525.4,1763,1540,1806,1156,1925,trifecta
2019-11-18,大　村,9,4.5,5.4,6.7,36.7,10.3,15.7,16.5,59.2,13.5,21.8,26.0,59.4,19.8,32.4,40.2,63.5,120.4,207.0,181.2,162.7,46.8,48.9,55.8,167.1,207.4,323.3,338.6,885.1,211.8,415.9,425.8,949.1,249.1,685.0,651.0,1254,1189,2200,2212,2237,162.3,220.2,215.8,459.6,316.3,553.2,751.6,1274,626.2,807.1,958.3,1377,680.2,1012,1372,1949,2290,2661,2401,2854,160.7,333.2,268.6,496.7,310.8,858.1,753.1,1266,758.9,1023,1509,2095,536.6,829.2,1317,1179,1607,2316,2773,2212,198.3,399.8,401.9,557.9,358.7,1097,1028,1520,933.3,1486,1798,2416,836.2,1193,1902,1607,1491,2152,2697,2608,1182,2117,2237,1815,1949,4019,4376,3899,4803,4862,4146,7033,3938,4803,5115,5182,3176,4019,6791,5182,trifecta
2019-11-18,戸　田,10,12.8,12.2,19.4,77.8,18.3,20.4,25.2,108.6,18.2,26.6,24.0,95.2,39.3,43.8,43.5,127.5,282.1,353.3,325.6,329.8,23.4,22.0,31.1,123.4,47.7,44.1,45.2,152.3,45.0,54.8,49.7,184.2,79.5,81.2,81.1,208.3,466.5,486.2,488.1,508.7,73.6,70.9,79.9,226.5,93.3,87.3,92.3,248.1,110.2,108.2,114.0,266.9,156.8,144.3,171.0,364.5,745.1,732.1,730.0,847.2,49.2,77.9,55.8,173.1,70.7,101.5,73.8,193.2,143.7,132.0,139.9,331.5,82.4,77.3,118.5,138.1,398.9,392.1,519.1,315.4,145.5,189.3,167.2,434.5,165.2,171.1,145.8,323.1,293.5,261.1,327.3,709.6,199.9,175.0,284.9,375.3,804.2,679.1,1001,745.1,1151,1273,1106,1490,1172,1167,1241,1178,1544,1613,1247,2222,1172,1464,1583,1279,1723,1279,2059,1212,trifecta
2019-11-18,平和島,10,14.1,27.7,42.0,34.0,10.3,8.4,11.0,8.4,35.6,17.8,38.3,26.0,83.4,36.5,69.7,48.4,75.4,23.2,49.9,63.6,90.5,157.7,209.8,172.1,167.9,449.1,457.7,416.6,397.0,517.0,1072,840.5,530.3,711.5,1260,776.9,493.9,641.6,1072,1026,47.4,26.5,32.7,29.8,143.8,294.5,313.8,273.7,87.5,219.1,141.1,124.1,114.6,285.1,240.3,127.8,95.9,272.2,174.8,168.3,173.3,78.7,139.2,108.1,374.3,644.5,816.6,764.5,134.8,457.7,354.9,213.5,301.9,704.5,616.9,330.4,225.2,656.3,298.2,426.5,375.2,203.8,345.5,257.1,694.3,1197,1615,939.4,249.1,789.7,998.1,344.6,426.5,958.2,1131,697.7,392.7,826.0,518.9,958.2,417.8,181.2,337.4,403.7,718.6,1114,1774,1481,248.6,909.7,586.6,581.9,469.7,1306,603.9,1105,550.7,1306,616.9,1343,trifecta
2019-11-18,常　滑,10,6.9,5.8,24.8,35.2,10.0,7.6,21.7,41.6,7.4,8.5,21.4,33.0,85.6,78.8,77.9,149.4,98.8,126.5,95.6,179.6,62.5,55.3,154.3,260.1,193.7,290.6,698.2,981.5,157.1,248.3,475.0,981.5,776.4,1083,1143,2123,1000,1926,2419,2477,108.0,81.9,166.7,293.0,257.5,334.5,680.0,954.4,171.4,325.1,349.1,510.0,658.4,859.8,732.6,1507,1083,1793,1156,2312,74.6,90.3,132.3,221.8,149.9,284.2,437.1,782.2,192.3,329.2,435.3,571.6,312.4,500.1,594.5,675.5,502.6,1405,839.0,1209,568.5,626.7,550.4,819.2,904.6,1268,1182,2213,920.7,1040,1050,2312,680.0,990.8,1061,1507,1486,2261,2890,1891,707.7,832.3,839.0,1284,1168,2261,2601,3468,1368,3060,1530,2737,1284,3356,2261,3251,1891,3468,3715,3587,trifecta
2019-11-18,尼　崎,10,4.3,5.1,11.2,18.4,12.5,16.5,27.3,38.4,12.5,20.5,28.7,38.2,38.1,53.9,57.9,86.2,69.1,106.2,113.5,127.1,24.5,28.1,52.0,65.0,151.4,224.7,365.9,487.5,147.6,262.3,483.0,394.1,328.0,758.1,870.6,1035,409.4,780.5,716.9,821.0,181.7,193.9,289.1,386.4,376.3,535.3,812.5,1342,528.1,682.9,1156,1139,713.7,1108,2084,2057,1320,2200,2515,2515,120.1,221.9,251.1,285.5,173.3,486.0,800.2,660.2,557.9,607.1,1538,1365,628.7,1049,1453,966.1,720.2,880.3,1389,1218,320.7,487.5,616.5,652.0,600.2,1427,1980,2231,1228,1722,3521,3864,1156,1956,2779,1703,1553,2475,3371,2400,604.7,1200,1015,1247,910.6,2296,1633,2779,2084,2989,2640,3961,1453,1980,3601,2934,1956,3047,3106,2731,trifecta
2019-11-18,鳴　門,10,128.9,54.8,126.3,78.9,208.3,145.3,272.4,229.1,42.1,85.2,40.1,19.8,191.4,285.2,101.7,115.8,85.2,212.5,36.9,88.9,268.9,84.9,188.0,142.1,502.9,400.9,752.2,469.6,106.1,279.6,126.4,53.9,275.0,765.7,230.9,234.1,202.8,485.7,75.8,182.0,388.1,338.6,586.2,531.2,447.3,318.3,708.3,474.8,404.7,425.0,338.6,208.8,629.6,607.1,422.8,461.9,602.8,544.8,239.4,541.4,42.9,79.0,30.5,15.7,71.9,152.3,65.9,31.8,152.3,176.7,125.0,69.5,39.4,59.6,101.9,13.8,14.6,20.2,41.7,9.6,357.1,578.2,153.1,175.9,433.6,914.0,263.9,256.0,794.4,955.0,508.9,551.9,128.2,193.6,321.9,51.5,169.3,209.3,363.2,59.3,120.4,318.3,52.3,121.4,165.3,452.1,75.4,179.3,521.4,548.4,265.6,570.4,38.0,42.7,116.6,24.9,138.8,171.0,382.8,50.7,trifecta
2019-11-18,児　島,10,6.7,11.7,22.5,25.4,7.5,12.2,15.9,20.8,24.3,28.8,65.5,47.2,54.6,46.0,135.2,95.2,82.6,79.5,109.7,146.3,31.3,44.1,67.5,68.7,83.3,150.9,148.2,171.9,158.6,195.8,374.4,237.5,304.9,312.5,504.8,423.2,282.4,360.9,349.1,561.7,35.1,39.4,42.1,51.1,78.0,121.0,133.2,147.0,104.9,154.3,219.0,147.0,133.7,189.8,266.3,169.7,208.1,291.2,267.3,300.0,140.8,154.0,270.6,196.3,233.4,290.1,609.8,355.7,228.1,290.1,537.4,337.2,682.2,725.3,830.1,704.8,360.9,409.3,471.3,839.4,260.7,204.6,620.0,348.3,493.1,486.7,989.5,685.4,286.7,472.8,1052,667.0,939.7,889.4,1123,964.0,620.0,682.2,721.8,1149,360.9,404.9,498.0,658.2,483.5,595.3,607.4,1023,547.3,732.4,622.5,834.7,685.4,649.6,762.3,1450,1044,1205,1023,1966,trifecta
2019-11-18,徳　山,10,3.9,5.4,21.0,16.6,10.7,15.6,38.0,36.4,12.0,20.4,44.9,34.4,77.1,110.7,111.2,136.6,65.2,119.6,111.4,192.6,22.2,28.8,73.3,57.2,83.7,159.9,380.4,214.4,119.3,208.4,474.0,294.2,468.4,728.3,652.7,635.3,331.8,568.8,652.7,955.6,82.6,110.3,209.1,212.9,149.1,260.8,566.1,410.4,295.6,389.0,859.3,632.0,751.2,891.4,940.5,1284,659.9,728.3,911.8,1327,100.4,171.6,192.0,186.9,187.5,457.6,678.6,489.5,457.6,603.2,1126,841.1,449.0,686.4,1137,618.9,517.1,652.7,847.1,884.8,428.1,574.2,555.5,632.0,663.6,1312,1231,1182,1194,1837,2654,2133,963.3,1327,2342,1126,871.8,1231,1809,1298,439.1,835.3,656.3,1171,577.0,1244,1194,1756,1682,1837,2212,3513,1029,1388,2095,1837,2541,2654,3318,1896,trifecta
2019-11-18,下　関,10,31.9,56.3,43.1,107.9,25.7,10.3,5.4,26.3,54.7,19.8,24.7,81.3,45.7,9.5,26.3,35.2,263.8,113.4,238.1,125.8,267.6,388.0,317.8,774.1,484.9,873.2,659.3,1371,968.3,1243,1253,2037,546.3,740.8,1321,1321,2256,2366,3259,2465,74.3,25.9,11.8,43.5,293.1,407.4,318.2,565.3,69.1,268.6,67.8,160.0,21.6,130.7,53.1,50.2,195.8,695.2,353.9,164.1,364.9,145.2,147.7,358.6,696.9,1082,908.3,1459,192.7,635.0,181.3,457.7,184.0,567.4,181.2,359.9,934.3,1778,1070,905.5,143.3,32.6,88.6,99.2,378.0,454.8,799.4,819.5,43.4,233.0,103.7,116.1,169.2,579.8,160.8,401.3,214.0,646.2,210.6,506.7,1620,758.1,1520,729.8,2848,3056,3713,3259,952.5,2126,1746,599.9,2529,3964,2404,2310,826.4,1943,552.5,1756,trifecta
2019-11-18,若　松,10,11.8,7.8,51.2,44.8,20.4,20.2,67.0,87.0,12.0,22.9,54.4,55.6,154.0,188.7,185.8,312.9,198.9,303.0,220.8,426.9,25.1,14.1,74.7,65.5,64.8,52.3,174.4,181.4,22.7,37.2,69.7,66.1,228.6,390.3,221.2,497.0,338.6,566.2,301.9,642.7,63.5,54.2,138.9,178.0,100.0,78.2,258.6,270.2,93.9,87.1,201.9,210.4,385.9,441.0,475.6,667.7,713.9,746.7,612.1,1016,23.7,45.0,70.1,68.2,26.9,44.1,63.0,62.0,88.7,78.7,213.2,200.7,88.7,77.1,178.8,109.1,156.3,141.1,273.5,192.8,403.5,524.8,424.6,680.9,495.4,683.9,338.9,920.0,813.5,772.8,1184,1355,387.8,291.3,686.9,437.2,1193,1073,1530,945.4,1055,1662,978.3,2132,1241,1840,770.9,2493,2208,1405,1472,2862,1092,739.5,1458,1338,2396,3001,2493,1644,trifecta
2019-11-18,大　村,10,4.5,10.3,7.6,22.8,7.9,12.3,10.9,27.6,23.8,25.6,31.7,53.7,22.2,24.2,40.5,56.8,90.4,108.2,140.2,125.1,36.2,66.3,54.6,104.8,114.8,358.4,288.2,432.7,402.6,737.5,841.9,1220,298.9,522.1,870.6,850.1,819.7,1524,2002,1597,88.2,136.9,127.2,232.9,175.8,612.7,543.0,764.8,560.5,998.7,944.4,1519,516.5,816.6,1210,1281,1529,2482,3059,2400,300.4,372.2,304.2,503.4,570.8,1196,1193,1492,756.8,1357,1627,2585,510.5,846.8,1111,969.7,1609,3103,3810,2298,268.0,349.5,430.5,540.3,487.5,1086,1452,1557,720.4,1320,2194,2715,713.3,1155,1392,1332,1467,2482,3316,3125,1022,1551,1872,1840,1621,3242,4433,3475,2540,3713,4993,3985,3266,5234,5298,4433,2665,3844,4478,5569,trifecta
2019-11-18,戸　田,11,8.4,13.6,13.9,20.9,15.6,32.4,28.4,38.9,29.2,48.4,48.2,58.0,37.8,57.4,77.9,60.2,78.3,110.6,137.9,101.2,18.4,26.7,26.5,35.9,43.9,95.3,62.5,69.7,76.1,129.8,94.8,116.7,81.3,103.9,130.0,87.8,129.8,152.3,199.0,127.9,69.4,148.2,111.4,137.7,85.4,195.1,132.2,140.5,358.1,343.9,352.7,366.9,267.4,209.7,404.7,244.4,371.0,274.1,534.0,349.0,98.5,194.8,115.4,145.5,137.2,249.9,155.1,197.2,448.2,396.9,373.1,425.1,142.2,159.2,289.2,123.4,293.9,306.2,441.0,186.7,128.1,218.3,225.0,161.5,160.9,215.0,245.8,158.2,391.7,310.8,629.9,363.6,264.6,257.2,451.3,185.5,257.6,203.6,332.4,243.5,290.8,485.2,601.2,474.7,369.7,343.5,626.3,410.8,803.6,413.9,1029,649.8,768.0,775.2,986.4,464.7,547.3,418.1,610.1,482.4,trifecta
2019-11-18,平和島,11,21.1,15.0,8.5,61.0,32.5,37.3,19.8,108.6,25.9,43.3,18.2,98.1,8.0,15.7,13.8,35.5,213.3,287.8,264.5,134.5,90.5,72.2,37.1,181.7,213.3,389.5,204.9,555.2,198.6,466.9,204.0,600.1,66.1,171.3,162.2,243.5,590.0,1007,1205,540.3,167.2,203.7,91.0,344.8,316.9,538.2,298.7,810.4,442.0,559.6,241.4,726.9,136.9,223.1,202.9,411.1,959.3,1036,1369,946.4,149.3,245.2,87.8,279.8,240.2,559.6,228.9,626.7,457.8,712.2,244.4,615.8,116.6,200.6,218.9,293.8,652.8,1060,746.1,678.0,22.0,35.3,32.5,52.2,43.4,99.6,86.4,134.0,91.5,147.6,147.5,288.3,77.5,109.5,128.5,180.3,141.1,188.0,317.6,296.2,904.0,1678,1410,570.9,979.3,1831,2014,986.1,2073,2043,1719,2104,2104,2169,2712,1678,585.1,834.4,1620,1566,trifecta
2019-11-18,常　滑,11,6.9,12.7,17.2,54.2,7.7,6.8,9.0,42.8,18.1,13.2,23.8,66.2,35.9,22.0,40.3,76.4,195.4,168.0,202.5,206.3,59.8,85.1,114.0,227.0,177.0,490.6,540.5,925.4,317.3,731.5,632.9,1209,430.1,722.8,993.1,1823,1221,1908,2776,2304,49.3,37.1,39.9,129.4,153.4,314.0,284.0,671.2,103.9,267.8,152.3,330.1,118.1,300.8,241.4,335.6,667.5,1209,860.2,836.7,157.4,126.8,148.6,382.9,280.8,545.3,550.2,977.2,211.7,576.2,358.2,706.1,282.1,494.5,450.7,678.6,932.5,1299,1673,1357,365.7,154.0,312.4,480.9,718.5,1062,1090,1508,231.8,977.2,660.3,778.0,434.7,803.6,632.9,891.6,911.6,1471,946.9,1546,1745,1246,2221,1607,3132,3701,3490,4362,1745,2979,2106,1546,3054,3701,3940,3054,1908,2776,1285,2776,trifecta
2019-11-18,尼　崎,11,8.0,9.5,22.9,38.6,7.1,5.2,16.0,26.5,13.2,8.9,23.4,31.9,60.1,58.9,69.6,123.1,145.2,143.0,157.1,214.0,74.0,89.7,172.1,277.6,226.5,420.7,630.1,1018,293.8,576.5,736.3,1138,787.6,1119,1341,1992,1382,2945,2882,2882,65.9,34.6,87.4,131.1,223.9,340.4,602.1,1026,92.7,291.9,273.1,362.2,406.8,513.1,701.9,1018,769.7,1612,836.2,1522,91.7,59.4,121.2,159.9,266.1,447.1,596.8,891.3,133.2,416.8,369.1,531.2,364.1,557.5,576.5,299.7,529.2,940.8,879.7,868.4,645.1,525.1,736.3,1011,1148,1148,2150,3763,927.9,1759,2220,4105,934.3,1302,1693,1855,2419,3010,3661,4515,1341,1209,1075,2508,2084,3984,3763,4671,1693,5017,1557,5017,1368,3870,2419,2709,3386,5210,5419,5419,trifecta
2019-11-18,鳴　門,11,11.1,11.8,16.8,54.1,19.0,21.4,27.6,65.0,22.5,31.1,45.9,81.8,40.5,53.7,77.3,97.2,209.0,247.1,260.9,241.0,18.7,18.9,21.7,58.3,47.6,48.3,52.5,107.8,55.4,64.5,59.8,104.1,70.5,77.4,83.8,113.2,312.6,342.6,342.6,285.0,69.9,77.3,73.9,158.5,95.5,88.5,92.1,180.2,142.0,121.5,108.1,191.1,157.2,125.4,155.4,178.7,514.0,474.4,497.0,413.7,92.4,138.0,111.0,195.8,105.2,144.5,109.9,194.1,240.5,182.6,164.4,256.5,168.7,127.1,199.8,177.3,409.9,364.7,472.8,311.2,107.8,141.6,151.6,171.5,148.3,185.8,181.4,222.4,248.9,217.8,319.2,323.0,282.7,203.7,317.7,279.7,481.1,329.3,463.1,446.3,864.3,1233,1292,1085,1121,962.3,929.4,699.4,1384,1035,1179,886.9,1654,962.3,1233,955.6,1384,710.4,1005,1035,trifecta
2019-11-18,児　島,11,7.3,9.1,15.1,52.9,9.2,8.7,13.1,50.1,13.7,15.6,20.0,53.2,25.1,27.1,31.9,65.7,165.8,197.2,197.0,239.2,61.8,70.2,100.4,224.0,210.0,296.4,484.5,756.3,195.2,356.4,429.4,632.8,391.5,615.2,625.1,1107,871.0,1435,1183,1867,64.4,46.3,60.3,178.8,175.7,230.0,321.0,721.1,129.2,233.4,213.2,382.8,190.0,358.0,331.2,671.1,842.6,1131,1107,981.2,79.2,84.7,75.5,203.7,179.8,307.6,325.7,472.6,204.5,320.3,317.7,612.8,163.7,244.1,293.0,299.3,574.2,651.4,1000,771.3,181.5,155.3,175.1,341.5,434.2,659.7,745.3,1302,357.2,686.0,643.3,1211,391.5,580.6,542.1,701.5,727.9,1099,1313,891.0,1033,1435,1250,1550,1422,2584,2123,3370,2040,3040,2280,2818,1845,2095,2673,2214,1824,2673,2183,2123,trifecta
2019-11-18,徳　山,11,3.2,6.7,13.1,28.4,6.8,13.8,17.4,49.9,23.7,29.4,55.1,75.0,46.7,52.8,112.3,143.9,132.1,191.4,189.1,267.0,24.5,40.8,63.3,116.5,86.6,190.0,276.6,399.8,220.6,317.9,492.1,579.4,321.9,461.1,616.6,930.6,670.5,965.7,1037,1490,66.4,121.8,121.1,262.0,118.4,299.3,432.5,619.1,351.3,371.7,420.6,720.8,331.6,485.9,629.3,942.0,1058,1089,1073,1358,162.6,231.9,295.8,430.1,290.2,451.6,599.8,727.7,401.9,424.1,676.4,877.4,500.1,588.3,767.7,812.4,913.9,971.8,1279,1248,338.9,324.6,659.0,843.6,572.9,867.5,1066,1448,489.0,682.4,1051,1490,978.0,1044,1120,1370,1290,1358,1895,1706,990.6,1172,1199,1505,1448,2647,2193,2897,1566,2291,2362,3198,2291,2162,2517,2693,2103,2437,2843,2517,trifecta
2019-11-18,下　関,11,5.4,17.9,8.6,6.7,10.5,27.8,19.7,14.3,40.8,52.4,76.0,58.0,25.8,40.3,82.9,33.5,16.6,26.3,68.6,38.0,44.1,91.6,54.1,44.1,148.3,448.8,349.1,222.6,552.5,884.0,1204,775.9,301.7,688.7,1279,420.7,170.5,322.7,722.9,410.3,120.6,246.0,209.4,150.3,233.7,708.2,612.6,357.4,691.4,879.5,1322,864.3,606.2,921.3,1670,899.9,380.7,497.4,1160,941.1,389.2,563.1,541.3,496.7,625.7,1216,1467,1101,933.6,1220,1961,1163,943.7,1229,1631,1115,835.3,1283,1518,1369,220.4,368.7,628.0,241.6,384.1,1000,1670,621.3,860.0,1256,2586,1293,1036,2018,2424,1790,334.4,468.0,994.8,1242,121.8,204.5,437.0,252.8,210.9,480.3,941.1,575.2,497.4,676.7,1396,1322,1251,1857,2282,2459,439.2,656.3,1216,1565,trifecta
2019-11-18,若　松,11,9.1,13.3,26.8,21.9,10.7,14.8,35.1,18.6,22.4,26.9,51.6,31.9,62.2,79.3,92.2,107.5,65.1,63.0,75.9,136.4,36.7,45.0,83.9,59.0,77.0,163.7,270.3,136.9,132.6,211.5,332.5,168.9,350.4,468.4,507.0,487.2,229.1,264.4,295.1,571.1,31.9,48.4,73.2,40.7,65.0,149.7,220.3,107.1,107.9,144.3,220.5,105.8,282.1,373.2,406.0,298.8,115.0,149.2,193.7,304.4,66.0,85.6,94.7,61.7,124.3,204.4,239.2,139.6,148.5,218.8,317.6,157.9,143.8,198.4,288.4,113.4,82.6,109.3,133.7,126.5,314.8,383.6,376.2,350.1,505.8,707.2,633.3,577.3,615.9,832.1,943.0,761.8,399.5,518.1,759.1,310.6,539.9,591.8,693.4,520.0,230.2,233.2,306.8,515.0,316.6,425.2,434.3,835.3,277.7,384.7,431.2,791.7,309.0,324.6,387.9,446.7,778.6,860.7,880.4,637.1,trifecta
2019-11-18,大　村,11,5.2,5.4,8.8,22.0,11.4,13.7,16.8,41.2,12.8,21.1,24.6,46.4,22.7,31.1,39.9,56.4,93.7,134.6,134.6,144.6,44.4,40.2,49.3,95.8,225.9,398.4,483.1,726.1,188.8,558.3,473.9,569.2,267.7,719.8,690.7,878.1,535.4,1807,1002,1391,185.2,212.4,231.2,378.3,363.6,754.9,946.9,1439,588.1,1065,1123,1607,619.8,1190,1310,1841,1701,2592,3369,3301,159.3,274.0,212.1,339.2,290.6,882.8,772.6,1021,646.5,1086,1387,1634,463.2,800.0,1313,732.6,990.5,1460,2476,1456,180.5,280.9,320.9,424.7,341.7,984.6,1014,1375,708.5,1231,1834,2381,675.6,1103,1577,1283,1170,1841,2566,2314,698.5,1342,1283,1334,1065,3415,3258,3301,2415,3994,4672,5053,2271,3899,5105,3930,1841,3415,4306,3588,trifecta
2019-11-18,戸　田,12,11.2,11.9,32.6,37.7,9.6,5.1,13.9,18.5,11.5,6.8,18.1,19.1,60.4,39.5,48.4,67.6,89.2,58.8,61.7,99.0,130.9,137.2,304.7,352.6,348.7,534.7,1022,1016,438.7,713.4,1166,1177,1169,1973,1938,1847,1425,2377,2227,2589,113.0,62.1,140.2,160.8,347.2,548.1,1046,1079,142.1,468.0,463.2,431.9,545.7,1324,902.7,1160,697.2,1677,907.6,1581,95.0,65.2,116.8,120.1,333.7,572.9,811.3,822.2,157.4,520.3,512.2,487.7,346.3,831.9,732.4,535.9,393.4,1095,787.4,720.7,694.3,499.5,541.8,593.2,1364,2268,2158,1981,946.8,2316,1490,2108,885.6,1704,1391,1231,1122,1977,2442,1803,835.4,697.2,641.9,889.6,1837,3073,3256,2962,1362,2962,1604,2876,1010,2843,1692,2126,1360,2876,3245,2406,trifecta
2019-11-18,平和島,12,8.5,13.9,8.8,18.2,17.5,32.3,24.4,37.5,33.7,47.2,48.9,52.9,17.2,28.1,48.1,30.0,52.2,74.6,90.3,61.1,29.6,41.9,24.6,42.3,87.6,204.2,137.7,195.5,158.4,268.8,272.4,282.6,76.6,146.6,231.7,139.9,156.1,268.5,378.7,188.1,92.1,152.6,117.8,159.4,150.4,340.3,237.6,334.7,399.4,465.6,496.1,388.7,233.1,264.7,559.8,380.8,367.1,431.3,536.3,561.3,192.0,266.1,179.1,194.5,284.9,480.9,435.0,439.6,425.0,654.6,739.7,483.2,272.8,435.0,646.3,271.0,345.5,583.7,500.9,361.3,57.6,103.1,140.1,86.6,99.9,185.5,289.4,172.1,251.7,274.2,615.3,409.7,324.2,409.7,590.4,323.1,150.5,178.4,351.4,309.0,129.6,217.9,288.5,183.1,201.4,372.5,608.0,325.2,389.5,468.8,626.5,701.7,539.2,761.6,776.1,549.3,231.5,310.4,588.7,454.3,trifecta
2019-11-18,常　滑,12,11.1,14.3,31.4,78.1,8.1,4.2,10.4,40.8,13.5,7.9,15.7,37.5,55.3,30.5,38.4,102.6,313.9,203.8,186.7,243.5,117.1,144.4,301.8,533.6,290.0,583.3,1063,1408,434.3,748.0,959.1,1461,1158,1548,2481,3474,2171,3326,2605,3813,68.0,31.4,59.1,163.0,276.2,466.7,622.9,1447,100.3,392.8,240.5,564.4,235.8,529.9,363.6,1063,1324,1979,1930,1954,103.9,56.5,82.3,157.9,337.6,589.9,751.6,977.1,142.0,539.1,327.7,777.8,171.6,481.0,300.0,377.6,668.1,1421,1281,909.0,481.0,243.1,297.8,608.3,919.6,1141,1954,2605,462.5,1271,868.6,2084,488.5,1302,755.3,971.1,1489,3398,2695,2084,2695,2605,1776,1861,4467,5211,4008,5583,4885,5790,3006,4008,2842,3474,4598,3398,3326,5043,3722,3326,trifecta
2019-11-18,尼　崎,12,5.3,4.6,16.0,32.6,10.7,11.1,26.3,59.5,7.6,12.3,23.8,48.4,40.9,55.2,60.1,131.7,158.3,197.4,219.6,283.3,40.2,32.5,81.3,168.1,212.7,333.5,671.4,1043,160.5,341.1,572.8,853.5,438.3,766.6,924.6,1368,1262,2266,1899,2848,172.6,131.8,256.4,500.7,305.9,451.4,967.0,1573,288.4,490.2,732.0,1092,560.7,1218,1293,2242,1849,2774,3294,3513,57.5,91.9,124.4,255.2,146.7,288.4,468.5,667.1,273.7,365.3,660.8,953.9,332.5,563.7,758.3,717.0,924.6,1232,1647,1647,315.6,429.3,421.6,691.2,574.4,1018,1232,2342,928.7,1424,2266,3400,737.1,1023,1934,1714,2087,3146,3833,3456,1660,2129,1585,2342,2737,4685,3146,6200,3904,5142,4133,6388,2774,3698,5548,5019,3055,6200,6800,4902,trifecta
2019-11-18,鳴　門,12,7.8,7.6,10.4,16.5,22.4,33.4,38.4,50.2,18.2,38.2,28.6,38.8,31.1,59.8,47.0,49.9,56.5,118.7,97.0,102.5,27.3,21.3,26.6,33.8,131.0,194.6,195.8,171.3,78.6,180.4,126.9,106.9,112.3,216.0,212.3,164.3,139.2,237.1,223.3,228.4,165.9,206.8,232.0,281.2,288.8,371.2,440.1,373.7,472.8,544.5,563.8,520.3,574.0,610.2,804.0,597.1,773.3,647.4,989.8,939.7,70.7,157.1,78.5,105.6,116.1,280.8,171.1,160.8,501.6,498.2,465.9,466.9,131.2,159.2,350.1,135.4,227.9,221.1,489.5,227.7,118.8,232.0,138.5,134.9,190.8,456.4,316.3,288.5,572.5,606.8,831.0,716.1,220.7,284.4,565.2,228.2,362.7,394.9,720.7,425.8,285.9,685.3,459.2,534.1,337.4,620.4,497.1,544.5,1097,815.8,1280,1258,541.9,537.9,1148,526.5,704.8,679.0,1325,620.4,trifecta
2019-11-18,児　島,12,4.1,4.9,20.2,30.0,10.2,13.5,36.5,52.0,9.3,15.6,29.5,38.3,55.7,75.3,71.4,99.7,100.6,141.3,122.2,164.4,24.8,25.1,78.7,113.0,115.4,233.5,496.4,651.6,116.0,279.8,466.3,567.2,539.2,1114,986.2,1254,779.1,1464,1152,1658,99.0,147.6,295.2,438.7,178.5,430.1,1040,1326,356.3,546.0,1117,1303,937.6,1464,1652,1972,1454,2178,2245,2919,76.1,125.9,149.6,208.5,147.0,389.2,529.5,671.6,414.2,601.5,1280,1331,327.7,548.0,1016,620.2,620.2,962.4,1547,923.8,459.9,712.0,545.3,684.2,804.9,2055,1744,2406,1469,2379,3062,3394,719.0,1284,2329,1272,1137,2329,3342,2125,1146,1484,1295,1563,1920,3196,2531,4017,2978,4131,3679,4812,1855,2900,4423,2825,1887,3475,4170,2919,trifecta
2019-11-18,徳　山,12,3.8,8.8,7.5,32.7,10.6,25.9,19.6,85.6,34.8,59.4,71.7,157.8,25.2,37.4,92.5,121.2,161.0,295.0,428.5,289.3,13.5,30.5,20.9,63.4,60.7,140.4,87.4,210.3,155.7,269.7,230.5,311.5,99.1,137.9,257.2,261.0,355.1,573.5,696.4,515.8,66.4,135.9,92.0,282.2,103.6,250.3,171.0,405.4,451.3,464.2,383.1,615.1,247.1,240.1,385.3,627.0,1026,847.8,1071,1065,249.6,428.5,350.0,566.8,340.3,587.3,493.6,709.1,730.3,667.8,711.6,1114,453.4,468.7,773.8,738.6,1140,989.8,1681,1250,144.6,242.8,417.5,453.4,204.1,289.7,505.1,563.5,455.6,319.1,844.1,984.8,656.5,566.8,851.5,994.9,758.7,594.5,1089,1167,722.2,1560,1433,1789,1266,2142,2031,1433,2500,2785,3305,3000,1969,1930,2746,2532,1772,1274,2746,2532,trifecta
2019-11-18,下　関,12,9.5,13.3,25.1,24.8,10.5,7.2,14.7,14.4,16.4,12.0,24.1,19.9,45.4,38.0,51.7,58.7,56.9,44.8,51.1,84.0,86.3,112.7,199.4,187.3,239.2,428.4,746.2,710.1,332.7,521.6,970.3,764.1,680.9,1056,1176,1199,485.7,1105,1027,1396,76.2,43.4,68.9,65.2,158.8,331.3,513.9,559.1,116.7,294.0,228.7,178.0,271.9,610.1,409.1,528.1,268.5,665.4,333.6,596.7,127.6,92.0,131.1,113.6,289.9,430.3,597.6,580.4,159.2,334.2,350.1,269.1,261.9,539.3,518.1,315.1,261.7,674.9,392.3,438.8,362.4,328.1,366.6,436.8,601.4,1128,1386,1519,538.6,1105,1056,1234,461.1,1086,934.6,664.3,771.9,1531,1466,998.2,387.5,360.0,414.0,647.4,587.5,1381,1537,1906,514.6,1180,719.4,1250,576.8,1483,838.0,1124,868.6,1582,1422,1036,trifecta
2019-11-18,若　松,12,13.9,11.7,34.9,48.5,15.8,8.7,23.1,39.9,11.3,9.1,19.5,26.8,73.5,58.3,54.7,112.5,158.5,141.6,106.8,192.3,75.1,66.5,158.7,179.0,204.8,260.4,551.3,663.1,145.5,235.0,430.5,374.3,596.4,799.1,809.1,1046,920.0,1344,1054,1386,67.7,32.5,72.1,107.7,175.2,183.8,329.6,421.5,46.3,102.1,70.1,90.3,173.6,290.7,168.3,250.5,371.9,542.6,286.4,398.0,39.2,29.7,45.4,56.1,101.8,152.3,204.1,215.4,51.4,107.3,95.0,112.7,100.1,174.6,155.3,138.4,181.4,305.7,263.0,229.6,506.2,405.5,355.3,594.3,811.9,998.6,943.0,1209,559.0,867.4,655.3,866.1,407.5,713.7,566.6,535.4,1112,1473,1186,1024,1084,1173,816.5,1531,1587,2075,1547,2399,1607,2171,1200,2071,930.2,1433,1212,1308,1983,2346,2128,1543,trifecta
2019-11-18,大　村,12,7.1,10.3,8.6,26.9,10.9,17.0,15.2,40.2,20.5,29.0,27.3,52.4,16.7,24.2,35.7,35.7,83.3,120.5,149.9,85.8,43.2,71.5,57.5,114.2,101.8,184.0,197.7,320.4,219.7,278.5,356.7,552.6,187.0,319.9,445.6,452.0,487.0,762.6,962.9,700.3,59.8,91.8,83.2,162.9,101.8,197.6,215.7,363.3,218.5,243.2,348.5,470.1,206.0,268.1,485.2,549.4,592.6,784.8,962.9,953.2,138.9,164.6,153.5,229.0,267.7,349.5,448.8,710.9,292.6,279.4,514.9,675.3,235.7,330.5,457.0,327.6,635.5,753.4,1097,796.4,93.8,139.5,180.1,138.1,192.0,336.7,501.3,428.9,300.7,385.9,730.1,682.6,299.1,359.8,511.5,448.8,308.9,468.3,731.5,747.5,513.5,748.9,861.8,555.1,871.8,1179,1534,1283,1157,1266,1662,1670,1324,1670,1592,1606,647.5,1048,1440,1486,trifecta
